ID,Country,Year,Monitor,Protect from tobacco smoke,Offer help to quit tobacco use,Warn about the dangers of tobacco,Enforce bans on tobacco advertising,Raise taxes on tobacco,Anti-tobacco mass media campaigns
Afghanistan2018,Afghanistan,2018,2,5,3,2,5,2,2
Afghanistan2016,Afghanistan,2016,2,5,3,4,5,2,2
Afghanistan2014,Afghanistan,2014,2,3,3,2,4,2,2
Afghanistan2012,Afghanistan,2012,1,3,3,2,4,2,2
Afghanistan2010,Afghanistan,2010,1,3,3,2,4,2,1
Afghanistan2008,Afghanistan,2008,1,3,3,2,4,2,Data not available
Afghanistan2007,Afghanistan,2007,1,3,3,2,4,Data not available,Data not available
Albania2018,Albania,2018,2,5,4,4,5,4,2
Albania2016,Albania,2016,2,5,4,4,5,4,3
Albania2014,Albania,2014,2,5,4,4,5,4,2
Albania2012,Albania,2012,3,5,4,4,5,4,2
Albania2010,Albania,2010,3,5,3,4,5,4,5
Albania2008,Albania,2008,3,5,3,4,5,4,Data not available
Albania2007,Albania,2007,3,5,2,3,5,Data not available,Data not available
Algeria2018,Algeria,2018,3,3,3,2,4,3,1
Algeria2016,Algeria,2016,2,3,3,2,4,3,1
Algeria2014,Algeria,2014,3,3,3,2,4,3,2
Algeria2012,Algeria,2012,3,3,3,2,4,4,2
Algeria2010,Algeria,2010,2,3,3,2,4,3,2
Algeria2008,Algeria,2008,1,3,3,2,4,4,Data not available
Algeria2007,Algeria,2007,2,3,3,2,4,Data not available,Data not available
Andorra2018,Andorra,2018,1,3,4,2,2,5,2
Andorra2016,Andorra,2016,2,3,4,2,2,4,2
Andorra2014,Andorra,2014,2,3,4,2,2,4,2
Andorra2012,Andorra,2012,2,3,4,2,2,4,2
Andorra2010,Andorra,2010,1,2,4,2,2,4,1
Andorra2008,Andorra,2008,1,2,4,2,2,1,Data not available
Andorra2007,Andorra,2007,2,2,4,2,2,Data not available,Data not available
Angola2018,Angola,2018,1,3,4,2,2,2,1
Angola2016,Angola,2016,1,3,3,2,2,1,2
Angola2014,Angola,2014,1,3,3,2,2,2,2
Angola2012,Angola,2012,1,3,3,2,2,2,2
Angola2010,Angola,2010,1,3,3,2,2,1,2
Angola2008,Angola,2008,1,2,3,2,2,2,Data not available
Angola2007,Angola,2007,1,2,3,2,2,Data not available,Data not available
Antigua and Barbuda2018,Antigua and Barbuda,2018,2,5,3,4,5,2,2
Antigua and Barbuda2016,Antigua and Barbuda,2016,1,2,3,2,2,2,3
Antigua and Barbuda2014,Antigua and Barbuda,2014,2,2,3,2,2,2,2
Antigua and Barbuda2012,Antigua and Barbuda,2012,2,2,3,2,2,2,2
Antigua and Barbuda2010,Antigua and Barbuda,2010,2,2,3,2,2,2,1
Antigua and Barbuda2008,Antigua and Barbuda,2008,2,2,3,2,2,2,Data not available
Antigua and Barbuda2007,Antigua and Barbuda,2007,2,2,3,2,2,Data not available,Data not available
Argentina2018,Argentina,2018,3,5,4,5,4,5,3
Argentina2016,Argentina,2016,4,5,4,5,4,5,4
Argentina2014,Argentina,2014,4,5,4,5,4,4,4
Argentina2012,Argentina,2012,4,5,4,5,4,4,2
Argentina2010,Argentina,2010,4,2,4,2,2,4,4
Argentina2008,Argentina,2008,4,2,4,2,2,4,Data not available
Argentina2007,Argentina,2007,4,2,4,2,2,Data not available,Data not available
Armenia2018,Armenia,2018,4,3,4,5,2,3,1
Armenia2016,Armenia,2016,4,3,4,5,2,3,1
Armenia2014,Armenia,2014,4,3,4,4,2,3,4
Armenia2012,Armenia,2012,4,3,4,3,2,3,1
Armenia2010,Armenia,2010,4,3,3,3,2,2,2
Armenia2008,Armenia,2008,4,3,3,3,2,2,Data not available
Armenia2007,Armenia,2007,4,3,3,3,2,Data not available,Data not available
Australia2018,Australia,2018,4,5,5,5,4,5,5
Australia2016,Australia,2016,4,5,5,5,4,4,5
Australia2014,Australia,2014,4,5,5,5,4,4,5
Australia2012,Australia,2012,4,5,5,5,4,4,5
Australia2010,Australia,2010,4,5,5,5,4,4,5
Australia2008,Australia,2008,4,5,5,5,4,4,Data not available
Australia2007,Australia,2007,4,5,5,5,4,Data not available,Data not available
Austria2018,Austria,2018,4,2,4,5,4,5,5
Austria2016,Austria,2016,4,2,4,5,4,5,5
Austria2014,Austria,2014,4,2,4,3,4,4,2
Austria2012,Austria,2012,4,2,4,3,4,4,2
Austria2010,Austria,2010,4,2,4,3,4,4,2
Austria2008,Austria,2008,4,2,4,3,4,4,Data not available
Austria2007,Austria,2007,4,2,4,3,4,Data not available,Data not available
Azerbaijan2018,Azerbaijan,2018,4,1,3,3,5,3,4
Azerbaijan2016,Azerbaijan,2016,4,3,3,3,4,2,2
Azerbaijan2014,Azerbaijan,2014,3,3,2,3,4,2,2
Azerbaijan2012,Azerbaijan,2012,3,3,3,3,4,2,2
Azerbaijan2010,Azerbaijan,2010,2,3,3,3,4,2,2
Azerbaijan2008,Azerbaijan,2008,1,3,2,2,4,2,Data not available
Azerbaijan2007,Azerbaijan,2007,1,3,2,2,4,Data not available,Data not available
Bahamas2018,Bahamas,2018,4,2,4,2,2,1,2
Bahamas2016,Bahamas,2016,3,2,4,2,2,3,2
Bahamas2014,Bahamas,2014,3,2,4,2,2,3,2
Bahamas2012,Bahamas,2012,3,2,4,2,2,3,2
Bahamas2010,Bahamas,2010,3,2,3,2,2,3,2
Bahamas2008,Bahamas,2008,3,2,3,2,2,3,Data not available
Bahamas2007,Bahamas,2007,3,2,3,2,2,Data not available,Data not available
Bahrain2018,Bahrain,2018,2,2,4,4,5,4,3
Bahrain2016,Bahrain,2016,2,2,4,4,5,2,3
Bahrain2014,Bahrain,2014,1,2,4,4,5,2,2
Bahrain2012,Bahrain,2012,2,2,4,4,5,2,5
Bahrain2010,Bahrain,2010,2,2,5,2,4,3,4
Bahrain2008,Bahrain,2008,3,2,5,2,2,3,Data not available
Bahrain2007,Bahrain,2007,3,2,5,2,2,Data not available,Data not available
Bangladesh2018,Bangladesh,2018,4,3,3,5,4,4,4
Bangladesh2016,Bangladesh,2016,4,3,3,5,4,4,5
Bangladesh2014,Bangladesh,2014,4,2,3,4,4,4,5
Bangladesh2012,Bangladesh,2012,3,2,3,3,4,4,5
Bangladesh2010,Bangladesh,2010,3,2,3,3,4,3,2
Bangladesh2008,Bangladesh,2008,3,2,3,3,4,3,Data not available
Bangladesh2007,Bangladesh,2007,3,2,3,3,4,Data not available,Data not available
Barbados2018,Barbados,2018,2,5,4,5,2,3,2
Barbados2016,Barbados,2016,4,5,4,2,2,3,2
Barbados2014,Barbados,2014,4,5,4,2,2,3,2
Barbados2012,Barbados,2012,4,5,4,2,2,3,2
Barbados2010,Barbados,2010,3,5,3,2,2,3,5
Barbados2008,Barbados,2008,3,2,3,2,2,3,Data not available
Barbados2007,Barbados,2007,3,2,3,2,2,Data not available,Data not available
Belarus2018,Belarus,2018,3,2,4,5,4,4,5
Belarus2016,Belarus,2016,3,2,4,5,4,3,1
Belarus2014,Belarus,2014,2,2,4,4,4,4,5
Belarus2012,Belarus,2012,2,2,4,3,4,3,5
Belarus2010,Belarus,2010,2,2,4,3,4,3,2
Belarus2008,Belarus,2008,3,2,4,3,4,3,Data not available
Belarus2007,Belarus,2007,3,2,4,2,4,Data not available,Data not available
Belgium2018,Belgium,2018,4,1,4,5,4,5,2
Belgium2016,Belgium,2016,4,1,4,5,4,5,4
Belgium2014,Belgium,2014,4,1,4,4,4,5,2
Belgium2012,Belgium,2012,4,1,4,4,4,5,2
Belgium2010,Belgium,2010,4,1,4,4,4,5,2
Belgium2008,Belgium,2008,4,3,5,4,4,5,Data not available
Belgium2007,Belgium,2007,4,3,5,4,4,Data not available,Data not available
Belize2018,Belize,2018,2,2,4,2,2,3,2
Belize2016,Belize,2016,2,2,4,2,2,3,1
Belize2014,Belize,2014,2,2,2,2,2,3,2
Belize2012,Belize,2012,2,2,3,2,2,3,2
Belize2010,Belize,2010,3,2,3,2,2,4,2
Belize2008,Belize,2008,3,2,3,2,2,4,Data not available
Belize2007,Belize,2007,3,2,3,2,2,Data not available,Data not available
Benin2018,Benin,2018,3,5,2,3,5,2,2
Benin2016,Benin,2016,3,4,4,3,4,2,1
Benin2014,Benin,2014,2,4,4,3,4,2,4
Benin2012,Benin,2012,3,4,3,3,4,2,4
Benin2010,Benin,2010,3,3,3,3,4,2,2
Benin2008,Benin,2008,2,3,3,3,4,2,Data not available
Benin2007,Benin,2007,1,3,3,3,4,Data not available,Data not available
Bhutan2018,Bhutan,2018,4,4,4,2,4,Not applicable,2
Bhutan2016,Bhutan,2016,4,4,4,2,4,Not applicable,2
Bhutan2014,Bhutan,2014,4,4,4,2,4,Not applicable,5
Bhutan2012,Bhutan,2012,2,4,2,2,4,Not applicable,5
Bhutan2010,Bhutan,2010,2,5,2,2,4,Not applicable,5
Bhutan2008,Bhutan,2008,2,4,2,2,2,Not applicable,Data not available
Bhutan2007,Bhutan,2007,2,4,2,2,2,Data not available,Data not available
Bolivia (Plurinational State of)2018,Bolivia (Plurinational State of),2018,2,3,2,5,4,3,4
Bolivia (Plurinational State of)2016,Bolivia (Plurinational State of),2016,2,3,4,5,4,3,2
Bolivia (Plurinational State of)2014,Bolivia (Plurinational State of),2014,3,3,4,5,4,3,2
Bolivia (Plurinational State of)2012,Bolivia (Plurinational State of),2012,2,3,4,5,4,3,3
Bolivia (Plurinational State of)2010,Bolivia (Plurinational State of),2010,1,3,3,5,4,3,2
Bolivia (Plurinational State of)2008,Bolivia (Plurinational State of),2008,1,3,3,4,4,3,Data not available
Bolivia (Plurinational State of)2007,Bolivia (Plurinational State of),2007,1,3,3,4,4,Data not available,Data not available
Bosnia and Herzegovina2018,Bosnia and Herzegovina,2018,2,2,4,2,4,5,2
Bosnia and Herzegovina2016,Bosnia and Herzegovina,2016,2,2,4,2,4,5,1
Bosnia and Herzegovina2014,Bosnia and Herzegovina,2014,2,2,4,2,4,5,2
Bosnia and Herzegovina2012,Bosnia and Herzegovina,2012,2,2,4,2,4,4,2
Bosnia and Herzegovina2010,Bosnia and Herzegovina,2010,2,2,3,2,4,4,2
Bosnia and Herzegovina2008,Bosnia and Herzegovina,2008,4,2,3,2,4,4,Data not available
Bosnia and Herzegovina2007,Bosnia and Herzegovina,2007,4,2,3,2,4,Data not available,Data not available
Botswana2018,Botswana,2018,2,2,4,2,4,3,3
Botswana2016,Botswana,2016,2,2,3,2,4,3,2
Botswana2014,Botswana,2014,2,2,3,2,4,4,2
Botswana2012,Botswana,2012,3,2,3,2,4,3,1
Botswana2010,Botswana,2010,3,2,3,2,4,4,4
Botswana2008,Botswana,2008,3,2,3,2,4,3,Data not available
Botswana2007,Botswana,2007,3,2,3,2,4,Data not available,Data not available
Brazil2018,Brazil,2018,4,5,5,5,5,5,5
Brazil2016,Brazil,2016,4,5,5,5,5,4,3
Brazil2014,Brazil,2014,3,5,5,5,5,4,4
Brazil2012,Brazil,2012,3,5,5,5,5,4,3
Brazil2010,Brazil,2010,2,2,5,5,4,4,3
Brazil2008,Brazil,2008,2,2,5,5,4,4,Data not available
Brazil2007,Brazil,2007,2,2,5,5,4,Data not available,Data not available
Brunei Darussalam2018,Brunei Darussalam,2018,4,5,4,5,4,Not applicable,5
Brunei Darussalam2016,Brunei Darussalam,2016,4,5,5,5,4,Not applicable,2
Brunei Darussalam2014,Brunei Darussalam,2014,4,5,5,5,4,Not applicable,4
Brunei Darussalam2012,Brunei Darussalam,2012,2,5,4,5,4,Not applicable,2
Brunei Darussalam2010,Brunei Darussalam,2010,1,4,4,5,4,Not applicable,4
Brunei Darussalam2008,Brunei Darussalam,2008,1,4,4,5,4,Not applicable,Data not available
Brunei Darussalam2007,Brunei Darussalam,2007,1,4,4,5,4,Data not available,Data not available
Bulgaria2018,Bulgaria,2018,4,5,4,5,4,5,2
Bulgaria2016,Bulgaria,2016,4,5,4,5,4,5,2
Bulgaria2014,Bulgaria,2014,4,5,4,3,4,5,4
Bulgaria2012,Bulgaria,2012,4,5,4,3,4,5,4
Bulgaria2010,Bulgaria,2010,4,2,4,3,4,5,2
Bulgaria2008,Bulgaria,2008,4,2,4,3,4,5,Data not available
Bulgaria2007,Bulgaria,2007,4,2,4,3,4,Data not available,Data not available
Burkina Faso2018,Burkina Faso,2018,2,5,3,5,4,3,2
Burkina Faso2016,Burkina Faso,2016,2,5,3,5,4,3,2
Burkina Faso2014,Burkina Faso,2014,2,5,3,4,4,3,2
Burkina Faso2012,Burkina Faso,2012,1,5,3,4,4,3,2
Burkina Faso2010,Burkina Faso,2010,1,5,3,2,4,3,2
Burkina Faso2008,Burkina Faso,2008,2,2,3,2,4,3,Data not available
Burkina Faso2007,Burkina Faso,2007,2,2,3,2,4,Data not available,Data not available
Burundi2018,Burundi,2018,1,5,2,3,4,3,2
Burundi2016,Burundi,2016,1,2,2,2,2,3,1
Burundi2014,Burundi,2014,1,2,2,2,2,3,2
Burundi2012,Burundi,2012,2,2,2,2,2,4,2
Burundi2010,Burundi,2010,2,2,2,2,2,4,2
Burundi2008,Burundi,2008,2,2,2,2,2,4,Data not available
Burundi2007,Burundi,2007,1,2,2,2,2,Data not available,Data not available
Cabo Verde2018,Cabo Verde,2018,1,2,4,2,4,2,4
Cabo Verde2016,Cabo Verde,2016,4,2,4,2,4,2,2
Cabo Verde2014,Cabo Verde,2014,4,2,4,2,4,2,2
Cabo Verde2012,Cabo Verde,2012,4,2,4,2,4,2,2
Cabo Verde2010,Cabo Verde,2010,3,2,4,2,4,2,2
Cabo Verde2008,Cabo Verde,2008,3,2,4,2,4,2,Data not available
Cabo Verde2007,Cabo Verde,2007,3,2,4,2,4,Data not available,Data not available
Cambodia2018,Cambodia,2018,4,5,3,5,4,3,4
Cambodia2016,Cambodia,2016,4,5,3,5,4,3,5
Cambodia2014,Cambodia,2014,4,4,3,3,4,2,2
Cambodia2012,Cambodia,2012,3,2,3,3,4,2,5
Cambodia2010,Cambodia,2010,3,2,3,3,2,2,4
Cambodia2008,Cambodia,2008,3,2,3,2,2,2,Data not available
Cambodia2007,Cambodia,2007,3,2,3,2,2,Data not available,Data not available
Cameroon2018,Cameroon,2018,3,3,4,5,4,2,1
Cameroon2016,Cameroon,2016,3,3,4,4,4,2,5
Cameroon2014,Cameroon,2014,3,3,2,4,4,2,5
Cameroon2012,Cameroon,2012,1,3,3,4,4,2,2
Cameroon2010,Cameroon,2010,1,2,3,4,4,2,2
Cameroon2008,Cameroon,2008,1,2,3,4,4,2,Data not available
Cameroon2007,Cameroon,2007,1,2,3,4,4,Data not available,Data not available
Canada2018,Canada,2018,4,5,5,5,4,4,2
Canada2016,Canada,2016,4,5,5,5,4,4,2
Canada2014,Canada,2014,4,5,5,5,4,4,2
Canada2012,Canada,2012,4,5,5,5,4,4,2
Canada2010,Canada,2010,4,5,5,4,4,4,2
Canada2008,Canada,2008,4,5,5,4,2,4,Data not available
Canada2007,Canada,2007,4,5,3,4,2,Data not available,Data not available
Central African Republic2018,Central African Republic,2018,1,2,2,2,2,3,2
Central African Republic2016,Central African Republic,2016,1,2,3,2,2,1,1
Central African Republic2014,Central African Republic,2014,1,2,3,2,2,3,4
Central African Republic2012,Central African Republic,2012,1,2,3,2,2,1,1
Central African Republic2010,Central African Republic,2010,1,2,3,2,2,3,2
Central African Republic2008,Central African Republic,2008,1,2,3,2,2,3,Data not available
Central African Republic2007,Central African Republic,2007,1,2,3,2,2,Data not available,Data not available
Chad2018,Chad,2018,1,5,3,5,5,3,4
Chad2016,Chad,2016,1,5,3,5,5,3,1
Chad2014,Chad,2014,1,5,3,3,5,3,2
Chad2012,Chad,2012,2,5,3,3,5,2,2
Chad2010,Chad,2010,2,5,2,3,5,2,2
Chad2008,Chad,2008,3,2,2,2,4,2,Data not available
Chad2007,Chad,2007,2,2,2,2,4,Data not available,Data not available
Chile2018,Chile,2018,4,5,3,5,4,5,4
Chile2016,Chile,2016,4,5,3,5,4,5,2
Chile2014,Chile,2014,4,5,3,5,4,5,1
Chile2012,Chile,2012,4,3,3,5,4,5,4
Chile2010,Chile,2010,4,3,3,5,4,5,2
Chile2008,Chile,2008,4,3,3,5,4,5,Data not available
Chile2007,Chile,2007,4,3,3,5,4,Data not available,Data not available
China2018,China,2018,3,2,4,3,4,4,4
China2016,China,2016,3,2,4,3,4,4,5
China2014,China,2014,3,2,4,3,4,4,5
China2012,China,2012,3,2,3,3,4,3,5
China2010,China,2010,3,2,3,3,4,3,2
China2008,China,2008,3,2,3,3,4,3,Data not available
China2007,China,2007,2,2,3,2,4,Data not available,Data not available
Colombia2018,Colombia,2018,3,5,4,4,5,5,1
Colombia2016,Colombia,2016,4,5,4,4,5,3,5
Colombia2014,Colombia,2014,4,5,3,4,5,3,5
Colombia2012,Colombia,2012,4,5,3,4,5,4,4
Colombia2010,Colombia,2010,3,5,3,4,5,3,5
Colombia2008,Colombia,2008,3,5,3,2,2,3,Data not available
Colombia2007,Colombia,2007,3,2,3,2,2,Data not available,Data not available
Comoros2018,Comoros,2018,2,3,3,3,2,3,2
Comoros2016,Comoros,2016,3,3,2,3,2,3,2
Comoros2014,Comoros,2014,2,3,2,3,2,4,2
Comoros2012,Comoros,2012,3,2,2,2,2,4,1
Comoros2010,Comoros,2010,2,2,2,2,4,4,2
Comoros2008,Comoros,2008,3,2,2,2,2,3,Data not available
Comoros2007,Comoros,2007,3,2,2,2,2,Data not available,Data not available
Congo2018,Congo,2018,1,5,4,3,5,3,2
Congo2016,Congo,2016,1,5,4,3,4,3,2
Congo2014,Congo,2014,2,5,4,3,4,3,2
Congo2012,Congo,2012,2,5,4,3,4,3,2
Congo2010,Congo,2010,2,2,4,2,4,3,2
Congo2008,Congo,2008,3,2,4,2,4,3,Data not available
Congo2007,Congo,2007,3,2,3,2,4,Data not available,Data not available
Cook Islands2018,Cook Islands,2018,4,4,4,4,4,4,2
Cook Islands2016,Cook Islands,2016,4,4,4,4,4,4,2
Cook Islands2014,Cook Islands,2014,4,4,4,4,4,4,2
Cook Islands2012,Cook Islands,2012,4,4,4,4,4,4,2
Cook Islands2010,Cook Islands,2010,4,4,4,4,4,3,2
Cook Islands2008,Cook Islands,2008,4,3,4,4,4,3,Data not available
Cook Islands2007,Cook Islands,2007,4,2,4,3,4,Data not available,Data not available
Costa Rica2018,Costa Rica,2018,4,5,4,5,4,4,5
Costa Rica2016,Costa Rica,2016,4,5,4,5,4,4,5
Costa Rica2014,Costa Rica,2014,4,5,4,5,4,4,4
Costa Rica2012,Costa Rica,2012,4,5,4,4,4,4,5
Costa Rica2010,Costa Rica,2010,4,2,4,2,2,3,2
Costa Rica2008,Costa Rica,2008,4,2,4,2,2,3,Data not available
Costa Rica2007,Costa Rica,2007,4,2,4,2,2,Data not available,Data not available
Côte d'Ivoire2018,Côte d'Ivoire,2018,1,2,4,2,2,3,4
Côte d'Ivoire2016,Côte d'Ivoire,2016,1,2,4,2,2,3,4
Côte d'Ivoire2014,Côte d'Ivoire,2014,2,2,4,2,2,3,4
Côte d'Ivoire2012,Côte d'Ivoire,2012,2,2,3,2,2,3,2
Côte d'Ivoire2010,Côte d'Ivoire,2010,2,2,3,2,2,3,3
Côte d'Ivoire2008,Côte d'Ivoire,2008,1,2,3,2,2,3,Data not available
Côte d'Ivoire2007,Côte d'Ivoire,2007,1,2,3,2,2,Data not available,Data not available
Croatia2018,Croatia,2018,4,4,4,5,4,5,2
Croatia2016,Croatia,2016,4,3,4,3,4,5,2
Croatia2014,Croatia,2014,4,3,4,3,4,5,2
Croatia2012,Croatia,2012,4,3,4,3,4,4,3
Croatia2010,Croatia,2010,4,3,4,3,4,4,2
Croatia2008,Croatia,2008,4,3,4,3,4,4,Data not available
Croatia2007,Croatia,2007,4,2,3,2,4,Data not available,Data not available
Cuba2018,Cuba,2018,2,3,4,3,2,4,1
Cuba2016,Cuba,2016,1,3,4,3,2,4,1
Cuba2014,Cuba,2014,3,3,4,3,2,4,5
Cuba2012,Cuba,2012,3,3,4,3,2,5,5
Cuba2010,Cuba,2010,3,3,4,3,2,1,5
Cuba2008,Cuba,2008,1,3,4,3,2,5,Data not available
Cuba2007,Cuba,2007,1,3,4,3,2,Data not available,Data not available
Cyprus2018,Cyprus,2018,2,4,4,5,4,4,5
Cyprus2016,Cyprus,2016,2,4,4,3,4,5,4
Cyprus2014,Cyprus,2014,3,4,4,3,4,5,2
Cyprus2012,Cyprus,2012,3,4,4,3,4,5,3
Cyprus2010,Cyprus,2010,3,4,4,3,4,4,1
Cyprus2008,Cyprus,2008,3,2,4,3,4,4,Data not available
Cyprus2007,Cyprus,2007,2,2,4,3,4,Data not available,Data not available
Czechia2018,Czechia,2018,4,3,5,5,4,5,4
Czechia2016,Czechia,2016,4,3,4,5,4,5,2
Czechia2014,Czechia,2014,4,3,3,3,4,5,4
Czechia2012,Czechia,2012,4,3,4,3,4,5,3
Czechia2010,Czechia,2010,4,3,4,3,4,5,4
Czechia2008,Czechia,2008,4,3,4,3,4,5,Data not available
Czechia2007,Czechia,2007,4,3,3,3,4,Data not available,Data not available
Democratic People's Republic of Korea2018,Democratic People's Republic of Korea,2018,2,4,4,2,2,2,1
Democratic People's Republic of Korea2016,Democratic People's Republic of Korea,2016,2,4,4,2,2,2,5
Democratic People's Republic of Korea2014,Democratic People's Republic of Korea,2014,2,3,4,2,2,2,1
Democratic People's Republic of Korea2012,Democratic People's Republic of Korea,2012,2,3,4,2,2,1,4
Democratic People's Republic of Korea2010,Democratic People's Republic of Korea,2010,2,3,4,2,2,1,1
Democratic People's Republic of Korea2008,Democratic People's Republic of Korea,2008,2,2,4,2,2,1,Data not available
Democratic People's Republic of Korea2007,Democratic People's Republic of Korea,2007,1,2,4,2,2,Data not available,Data not available
Democratic Republic of the Congo2018,Democratic Republic of the Congo,2018,1,3,3,4,5,3,2
Democratic Republic of the Congo2016,Democratic Republic of the Congo,2016,1,3,3,3,4,3,2
Democratic Republic of the Congo2014,Democratic Republic of the Congo,2014,1,3,3,3,4,3,1
Democratic Republic of the Congo2012,Democratic Republic of the Congo,2012,1,3,3,3,4,3,2
Democratic Republic of the Congo2010,Democratic Republic of the Congo,2010,1,3,3,3,4,3,1
Democratic Republic of the Congo2008,Democratic Republic of the Congo,2008,1,3,3,3,4,3,Data not available
Democratic Republic of the Congo2007,Democratic Republic of the Congo,2007,1,3,3,3,4,Data not available,Data not available
Denmark2018,Denmark,2018,4,2,5,5,4,4,4
Denmark2016,Denmark,2016,4,2,5,5,4,4,5
Denmark2014,Denmark,2014,4,2,5,4,4,4,2
Denmark2012,Denmark,2012,4,2,5,4,4,5,1
Denmark2010,Denmark,2010,4,2,4,3,4,4,5
Denmark2008,Denmark,2008,4,2,4,3,4,4,Data not available
Denmark2007,Denmark,2007,4,2,4,3,4,Data not available,Data not available
Djibouti2018,Djibouti,2018,2,4,2,5,5,1,2
Djibouti2016,Djibouti,2016,3,4,3,5,5,3,1
Djibouti2014,Djibouti,2014,3,4,3,5,5,3,4
Djibouti2012,Djibouti,2012,3,4,3,5,5,3,2
Djibouti2010,Djibouti,2010,2,4,3,5,5,3,2
Djibouti2008,Djibouti,2008,2,4,3,5,5,2,Data not available
Djibouti2007,Djibouti,2007,3,4,3,3,5,Data not available,Data not available
Dominica2018,Dominica,2018,1,2,2,2,2,2,4
Dominica2016,Dominica,2016,1,2,3,2,2,2,1
Dominica2014,Dominica,2014,2,2,3,2,2,2,1
Dominica2012,Dominica,2012,3,2,3,2,2,2,5
Dominica2010,Dominica,2010,3,2,3,2,2,3,1
Dominica2008,Dominica,2008,3,2,3,2,2,3,Data not available
Dominica2007,Dominica,2007,2,2,3,2,2,Data not available,Data not available
Dominican Republic2018,Dominican Republic,2018,2,3,3,2,2,4,2
Dominican Republic2016,Dominican Republic,2016,2,3,3,2,2,4,2
Dominican Republic2014,Dominican Republic,2014,2,2,3,2,2,4,2
Dominican Republic2012,Dominican Republic,2012,2,2,3,2,2,4,2
Dominican Republic2010,Dominican Republic,2010,1,2,3,2,2,4,2
Dominican Republic2008,Dominican Republic,2008,3,2,3,2,2,4,Data not available
Dominican Republic2007,Dominican Republic,2007,3,2,3,2,2,Data not available,Data not available
Ecuador2018,Ecuador,2018,4,5,4,5,4,4,2
Ecuador2016,Ecuador,2016,4,5,4,5,4,4,2
Ecuador2014,Ecuador,2014,3,5,4,5,4,4,2
Ecuador2012,Ecuador,2012,3,5,4,5,4,4,2
Ecuador2010,Ecuador,2010,3,4,4,3,2,4,2
Ecuador2008,Ecuador,2008,3,4,4,3,2,4,Data not available
Ecuador2007,Ecuador,2007,3,4,3,3,2,Data not available,Data not available
Egypt2018,Egypt,2018,4,5,4,5,4,5,2
Egypt2016,Egypt,2016,4,5,4,5,4,4,2
Egypt2014,Egypt,2014,4,5,3,5,4,4,2
Egypt2012,Egypt,2012,4,5,4,5,4,4,5
Egypt2010,Egypt,2010,4,5,4,5,4,4,5
Egypt2008,Egypt,2008,4,3,4,5,4,4,Data not available
Egypt2007,Egypt,2007,4,3,4,4,4,Data not available,Data not available
El Salvador2018,El Salvador,2018,3,5,5,5,4,3,5
El Salvador2016,El Salvador,2016,3,5,5,5,4,4,5
El Salvador2014,El Salvador,2014,3,2,4,5,4,4,5
El Salvador2012,El Salvador,2012,2,2,5,5,4,4,5
El Salvador2010,El Salvador,2010,3,3,4,2,2,4,4
El Salvador2008,El Salvador,2008,3,3,4,2,2,3,Data not available
El Salvador2007,El Salvador,2007,3,3,4,2,2,Data not available,Data not available
Equatorial Guinea2018,Equatorial Guinea,2018,1,2,2,2,2,3,1
Equatorial Guinea2016,Equatorial Guinea,2016,1,2,2,2,2,3,1
Equatorial Guinea2014,Equatorial Guinea,2014,1,2,2,2,2,3,2
Equatorial Guinea2012,Equatorial Guinea,2012,2,2,2,2,2,3,2
Equatorial Guinea2010,Equatorial Guinea,2010,2,2,2,2,2,2,2
Equatorial Guinea2008,Equatorial Guinea,2008,2,2,2,2,2,2,Data not available
Equatorial Guinea2007,Equatorial Guinea,2007,1,2,2,2,2,Data not available,Data not available
Eritrea2018,Eritrea,2018,1,2,2,3,5,4,2
Eritrea2016,Eritrea,2016,1,2,2,3,5,4,1
Eritrea2014,Eritrea,2014,2,2,2,3,5,4,2
Eritrea2012,Eritrea,2012,2,2,2,3,5,4,2
Eritrea2010,Eritrea,2010,3,2,2,3,5,4,4
Eritrea2008,Eritrea,2008,3,2,2,3,5,4,Data not available
Eritrea2007,Eritrea,2007,3,2,2,3,5,Data not available,Data not available
Estonia2018,Estonia,2018,4,2,4,5,4,5,5
Estonia2016,Estonia,2016,4,2,5,5,4,5,5
Estonia2014,Estonia,2014,4,2,4,3,4,5,2
Estonia2012,Estonia,2012,4,2,4,3,4,5,2
Estonia2010,Estonia,2010,4,2,3,3,4,5,1
Estonia2008,Estonia,2008,4,2,3,3,4,5,Data not available
Estonia2007,Estonia,2007,4,2,3,3,4,Data not available,Data not available
Eswatini2018,Eswatini,2018,2,2,4,3,4,4,2
Eswatini2016,Eswatini,2016,2,2,4,3,4,3,1
Eswatini2014,Eswatini,2014,3,2,4,3,4,3,1
Eswatini2012,Eswatini,2012,4,2,4,2,2,1,2
Eswatini2010,Eswatini,2010,4,2,4,2,2,3,2
Eswatini2008,Eswatini,2008,4,2,4,2,2,3,Data not available
Eswatini2007,Eswatini,2007,4,2,4,2,2,Data not available,Data not available
Ethiopia2018,Ethiopia,2018,2,1,4,3,4,2,4
Ethiopia2016,Ethiopia,2016,2,1,4,3,4,2,4
Ethiopia2014,Ethiopia,2014,1,2,4,3,4,2,2
Ethiopia2012,Ethiopia,2012,1,2,4,2,4,3,3
Ethiopia2010,Ethiopia,2010,1,2,3,2,2,3,2
Ethiopia2008,Ethiopia,2008,2,2,2,2,2,3,Data not available
Ethiopia2007,Ethiopia,2007,2,2,2,2,2,Data not available,Data not available
Fiji2018,Fiji,2018,2,3,4,5,4,3,5
Fiji2016,Fiji,2016,3,3,4,5,4,3,5
Fiji2014,Fiji,2014,3,3,4,5,4,3,4
Fiji2012,Fiji,2012,3,3,4,3,4,3,3
Fiji2010,Fiji,2010,2,3,2,3,4,1,2
Fiji2008,Fiji,2008,2,2,2,2,4,3,Data not available
Fiji2007,Fiji,2007,4,2,2,2,4,Data not available,Data not available
Finland2018,Finland,2018,4,2,4,5,4,5,3
Finland2016,Finland,2016,4,2,4,5,4,5,1
Finland2014,Finland,2014,4,2,4,3,4,5,5
Finland2012,Finland,2012,4,2,4,3,4,5,3
Finland2010,Finland,2010,3,2,4,3,4,5,5
Finland2008,Finland,2008,3,2,4,3,4,5,Data not available
Finland2007,Finland,2007,3,2,4,3,4,Data not available,Data not available
France2018,France,2018,4,1,4,5,4,5,5
France2016,France,2016,4,1,4,5,4,5,1
France2014,France,2014,4,1,4,4,4,5,4
France2012,France,2012,4,1,4,4,4,5,4
France2010,France,2010,4,1,4,4,4,5,3
France2008,France,2008,4,1,4,3,4,5,Data not available
France2007,France,2007,4,1,4,3,4,Data not available,Data not available
Gabon2018,Gabon,2018,2,3,3,4,4,2,2
Gabon2016,Gabon,2016,2,3,3,4,4,3,2
Gabon2014,Gabon,2014,2,3,3,3,4,2,2
Gabon2012,Gabon,2012,2,2,3,2,2,2,2
Gabon2010,Gabon,2010,2,2,3,2,2,2,1
Gabon2008,Gabon,2008,2,2,3,2,2,2,Data not available
Gabon2007,Gabon,2007,2,2,3,2,2,Data not available,Data not available
Gambia2018,Gambia,2018,2,5,2,3,5,3,4
Gambia2016,Gambia,2016,1,2,2,3,4,4,2
Gambia2014,Gambia,2014,2,2,2,3,4,3,4
Gambia2012,Gambia,2012,2,2,2,3,4,3,2
Gambia2010,Gambia,2010,2,2,2,3,4,4,2
Gambia2008,Gambia,2008,1,2,2,2,4,4,Data not available
Gambia2007,Gambia,2007,1,2,2,2,4,Data not available,Data not available
Georgia2018,Georgia,2018,4,4,4,5,4,4,5
Georgia2016,Georgia,2016,4,3,4,3,2,4,4
Georgia2014,Georgia,2014,4,3,4,3,2,3,2
Georgia2012,Georgia,2012,3,3,3,3,2,3,5
Georgia2010,Georgia,2010,3,3,3,3,2,3,4
Georgia2008,Georgia,2008,4,3,3,3,2,3,Data not available
Georgia2007,Georgia,2007,3,2,3,3,2,Data not available,Data not available
Germany2018,Germany,2018,4,2,4,5,4,4,5
Germany2016,Germany,2016,4,2,4,5,4,4,4
Germany2014,Germany,2014,4,2,4,3,4,4,4
Germany2012,Germany,2012,4,2,4,3,4,4,4
Germany2010,Germany,2010,4,2,4,3,4,4,5
Germany2008,Germany,2008,4,2,4,3,4,5,Data not available
Germany2007,Germany,2007,4,2,4,3,4,Data not available,Data not available
Ghana2018,Ghana,2018,2,1,4,4,5,3,4
Ghana2016,Ghana,2016,2,1,4,4,5,3,2
Ghana2014,Ghana,2014,2,2,4,4,5,3,5
Ghana2012,Ghana,2012,2,2,4,4,5,2,5
Ghana2010,Ghana,2010,2,2,3,2,2,2,2
Ghana2008,Ghana,2008,3,2,3,2,2,3,Data not available
Ghana2007,Ghana,2007,3,2,3,2,2,Data not available,Data not available
Greece2018,Greece,2018,4,5,4,5,4,5,2
Greece2016,Greece,2016,4,5,4,5,4,5,2
Greece2014,Greece,2014,4,5,4,3,4,5,1
Greece2012,Greece,2012,4,5,4,3,4,5,1
Greece2010,Greece,2010,4,5,3,3,4,5,5
Greece2008,Greece,2008,4,2,3,3,4,4,Data not available
Greece2007,Greece,2007,4,2,3,3,4,Data not available,Data not available
Grenada2018,Grenada,2018,2,2,4,2,2,3,2
Grenada2016,Grenada,2016,3,2,4,2,2,3,2
Grenada2014,Grenada,2014,3,2,3,2,2,3,2
Grenada2012,Grenada,2012,3,2,3,2,2,1,2
Grenada2010,Grenada,2010,2,2,3,2,2,3,2
Grenada2008,Grenada,2008,2,2,3,2,2,3,Data not available
Grenada2007,Grenada,2007,2,2,3,2,2,Data not available,Data not available
Guatemala2018,Guatemala,2018,2,5,4,2,2,3,1
Guatemala2016,Guatemala,2016,2,5,4,2,2,3,2
Guatemala2014,Guatemala,2014,1,5,4,2,2,3,2
Guatemala2012,Guatemala,2012,2,5,4,2,2,3,2
Guatemala2010,Guatemala,2010,2,5,4,2,2,4,2
Guatemala2008,Guatemala,2008,3,5,4,2,2,4,Data not available
Guatemala2007,Guatemala,2007,3,3,4,2,2,Data not available,Data not available
Guinea2018,Guinea,2018,1,3,2,3,5,1,2
Guinea2016,Guinea,2016,1,3,3,3,5,2,2
Guinea2014,Guinea,2014,1,3,3,3,5,1,2
Guinea2012,Guinea,2012,2,3,3,3,5,2,2
Guinea2010,Guinea,2010,2,3,3,2,4,2,4
Guinea2008,Guinea,2008,2,3,3,2,4,2,Data not available
Guinea2007,Guinea,2007,1,3,3,2,4,Data not available,Data not available
Guinea-Bissau2018,Guinea-Bissau,2018,1,2,2,2,2,2,2
Guinea-Bissau2016,Guinea-Bissau,2016,1,2,3,2,2,2,2
Guinea-Bissau2014,Guinea-Bissau,2014,1,2,3,2,2,2,1
Guinea-Bissau2012,Guinea-Bissau,2012,1,2,3,2,2,2,2
Guinea-Bissau2010,Guinea-Bissau,2010,1,2,2,2,2,2,2
Guinea-Bissau2008,Guinea-Bissau,2008,1,2,2,2,2,2,Data not available
Guinea-Bissau2007,Guinea-Bissau,2007,1,2,2,2,2,Data not available,Data not available
Guyana2018,Guyana,2018,3,5,4,5,5,3,2
Guyana2016,Guyana,2016,3,3,4,2,2,2,2
Guyana2014,Guyana,2014,2,3,4,2,2,3,2
Guyana2012,Guyana,2012,2,3,4,2,2,3,1
Guyana2010,Guyana,2010,2,3,4,2,2,3,2
Guyana2008,Guyana,2008,2,3,3,2,2,3,Data not available
Guyana2007,Guyana,2007,2,2,3,2,2,Data not available,Data not available
Haiti2018,Haiti,2018,2,2,2,2,2,1,2
Haiti2016,Haiti,2016,1,2,2,2,2,3,2
Haiti2014,Haiti,2014,1,2,2,2,2,1,1
Haiti2012,Haiti,2012,1,2,3,2,2,1,2
Haiti2010,Haiti,2010,2,2,3,2,2,1,1
Haiti2008,Haiti,2008,2,2,3,2,2,1,Data not available
Haiti2007,Haiti,2007,2,2,3,2,2,Data not available,Data not available
Honduras2018,Honduras,2018,2,5,4,5,4,3,4
Honduras2016,Honduras,2016,2,5,4,4,4,3,5
Honduras2014,Honduras,2014,2,5,4,4,4,3,3
Honduras2012,Honduras,2012,2,5,4,4,4,3,4
Honduras2010,Honduras,2010,1,5,3,4,4,3,4
Honduras2008,Honduras,2008,1,3,3,2,2,3,Data not available
Honduras2007,Honduras,2007,1,3,3,2,2,Data not available,Data not available
Hungary2018,Hungary,2018,4,4,4,5,4,4,2
Hungary2016,Hungary,2016,4,4,4,5,4,4,2
Hungary2014,Hungary,2014,4,4,4,4,4,5,3
Hungary2012,Hungary,2012,4,4,4,4,4,5,4
Hungary2010,Hungary,2010,3,2,4,3,4,5,3
Hungary2008,Hungary,2008,4,2,3,3,4,4,Data not available
Hungary2007,Hungary,2007,4,2,3,3,4,Data not available,Data not available
Iceland2018,Iceland,2018,4,2,3,4,4,4,2
Iceland2016,Iceland,2016,4,2,3,4,4,4,2
Iceland2014,Iceland,2014,4,2,3,4,4,4,2
Iceland2012,Iceland,2012,4,2,3,4,4,4,3
Iceland2010,Iceland,2010,4,2,3,3,4,4,2
Iceland2008,Iceland,2008,4,2,3,3,4,4,Data not available
Iceland2007,Iceland,2007,4,2,3,3,4,Data not available,Data not available
India2018,India,2018,2,4,5,5,4,4,4
India2016,India,2016,1,4,5,5,4,4,4
India2014,India,2014,3,4,4,2,4,3,5
India2012,India,2012,3,4,4,2,4,3,5
India2010,India,2010,3,4,3,2,4,3,5
India2008,India,2008,2,4,3,4,4,3,Data not available
India2007,India,2007,2,3,3,2,4,Data not available,Data not available
Indonesia2018,Indonesia,2018,4,3,4,4,2,4,5
Indonesia2016,Indonesia,2016,4,3,4,4,2,4,5
Indonesia2014,Indonesia,2014,3,3,3,4,2,4,2
Indonesia2012,Indonesia,2012,3,3,3,3,2,4,2
Indonesia2010,Indonesia,2010,3,3,3,2,2,4,2
Indonesia2008,Indonesia,2008,3,3,3,2,2,4,Data not available
Indonesia2007,Indonesia,2007,3,3,3,2,2,Data not available,Data not available
Iran (Islamic Republic of)2018,Iran (Islamic Republic of),2018,4,5,4,5,5,2,3
Iran (Islamic Republic of)2016,Iran (Islamic Republic of),2016,4,5,5,5,5,3,4
Iran (Islamic Republic of)2014,Iran (Islamic Republic of),2014,4,5,5,5,5,2,5
Iran (Islamic Republic of)2012,Iran (Islamic Republic of),2012,4,5,5,5,5,2,2
Iran (Islamic Republic of)2010,Iran (Islamic Republic of),2010,4,5,5,5,5,2,1
Iran (Islamic Republic of)2008,Iran (Islamic Republic of),2008,4,5,5,5,5,2,Data not available
Iran (Islamic Republic of)2007,Iran (Islamic Republic of),2007,4,5,5,3,5,Data not available,Data not available
Iraq2018,Iraq,2018,3,3,4,3,4,2,5
Iraq2016,Iraq,2016,3,3,4,3,4,2,3
Iraq2014,Iraq,2014,2,3,4,3,4,2,2
Iraq2012,Iraq,2012,3,2,3,2,4,2,2
Iraq2010,Iraq,2010,2,2,3,2,4,2,2
Iraq2008,Iraq,2008,2,2,3,2,4,2,Data not available
Iraq2007,Iraq,2007,2,2,3,2,4,Data not available,Data not available
Ireland2018,Ireland,2018,4,5,5,5,4,5,5
Ireland2016,Ireland,2016,4,5,5,5,4,5,5
Ireland2014,Ireland,2014,4,5,5,4,4,5,5
Ireland2012,Ireland,2012,4,5,5,4,4,5,1
Ireland2010,Ireland,2010,4,5,5,3,4,5,5
Ireland2008,Ireland,2008,4,5,5,3,4,5,Data not available
Ireland2007,Ireland,2007,4,5,5,3,4,Data not available,Data not available
Israel2018,Israel,2018,3,3,4,3,2,5,2
Israel2016,Israel,2016,3,3,5,3,2,5,2
Israel2014,Israel,2014,3,2,5,3,2,5,1
Israel2012,Israel,2012,2,2,5,3,2,5,2
Israel2010,Israel,2010,4,2,5,3,2,4,4
Israel2008,Israel,2008,4,2,5,3,2,4,Data not available
Israel2007,Israel,2007,4,2,4,3,2,Data not available,Data not available
Italy2018,Italy,2018,4,1,4,5,4,5,5
Italy2016,Italy,2016,4,1,4,5,4,5,5
Italy2014,Italy,2014,4,1,4,3,4,5,4
Italy2012,Italy,2012,4,1,4,3,4,5,3
Italy2010,Italy,2010,4,1,4,3,4,5,4
Italy2008,Italy,2008,4,1,4,3,4,5,Data not available
Italy2007,Italy,2007,4,1,4,3,4,Data not available,Data not available
Jamaica2018,Jamaica,2018,3,5,5,5,2,3,1
Jamaica2016,Jamaica,2016,2,5,5,5,2,3,1
Jamaica2014,Jamaica,2014,2,5,4,5,2,3,4
Jamaica2012,Jamaica,2012,3,2,4,3,2,3,2
Jamaica2010,Jamaica,2010,3,2,4,3,2,4,2
Jamaica2008,Jamaica,2008,3,2,4,3,2,3,Data not available
Jamaica2007,Jamaica,2007,2,2,4,3,2,Data not available,Data not available
Japan2018,Japan,2018,4,3,4,3,2,4,3
Japan2016,Japan,2016,4,2,4,3,2,4,2
Japan2014,Japan,2014,4,2,4,3,2,4,2
Japan2012,Japan,2012,4,2,4,3,2,4,2
Japan2010,Japan,2010,4,2,4,3,2,4,2
Japan2008,Japan,2008,4,2,4,3,2,4,Data not available
Japan2007,Japan,2007,4,2,4,3,2,Data not available,Data not available
Jordan2018,Jordan,2018,2,3,4,3,4,5,5
Jordan2016,Jordan,2016,2,3,4,3,4,5,5
Jordan2014,Jordan,2014,4,3,4,3,4,5,2
Jordan2012,Jordan,2012,4,3,4,3,4,5,2
Jordan2010,Jordan,2010,4,3,4,3,4,5,4
Jordan2008,Jordan,2008,4,3,4,3,4,5,Data not available
Jordan2007,Jordan,2007,4,2,4,3,4,Data not available,Data not available
Kazakhstan2018,Kazakhstan,2018,4,3,4,5,4,4,1
Kazakhstan2016,Kazakhstan,2016,4,3,4,5,4,3,4
Kazakhstan2014,Kazakhstan,2014,4,3,4,5,4,3,5
Kazakhstan2012,Kazakhstan,2012,4,3,4,3,4,3,2
Kazakhstan2010,Kazakhstan,2010,4,3,4,3,4,3,5
Kazakhstan2008,Kazakhstan,2008,4,3,4,3,4,2,Data not available
Kazakhstan2007,Kazakhstan,2007,4,3,4,3,4,Data not available,Data not available
Kenya2018,Kenya,2018,3,2,4,4,5,4,2
Kenya2016,Kenya,2016,3,2,4,4,5,4,5
Kenya2014,Kenya,2014,3,2,4,4,5,3,2
Kenya2012,Kenya,2012,2,2,4,3,5,3,2
Kenya2010,Kenya,2010,2,2,3,3,5,4,2
Kenya2008,Kenya,2008,3,2,3,3,5,5,Data not available
Kenya2007,Kenya,2007,3,2,3,3,5,Data not available,Data not available
Kiribati2018,Kiribati,2018,2,3,4,3,5,3,2
Kiribati2016,Kiribati,2016,2,3,4,3,5,3,5
Kiribati2014,Kiribati,2014,2,3,3,3,5,3,4
Kiribati2012,Kiribati,2012,2,2,2,2,2,4,2
Kiribati2010,Kiribati,2010,3,2,3,2,2,4,2
Kiribati2008,Kiribati,2008,2,2,3,2,2,4,Data not available
Kiribati2007,Kiribati,2007,2,2,3,2,2,Data not available,Data not available
Kuwait2018,Kuwait,2018,4,3,5,4,5,2,2
Kuwait2016,Kuwait,2016,4,3,5,4,5,2,2
Kuwait2014,Kuwait,2014,4,4,5,4,4,2,4
Kuwait2012,Kuwait,2012,4,4,5,4,4,3,5
Kuwait2010,Kuwait,2010,4,2,4,2,4,3,4
Kuwait2008,Kuwait,2008,4,2,4,2,4,3,Data not available
Kuwait2007,Kuwait,2007,4,2,4,2,4,Data not available,Data not available
Kyrgyzstan2018,Kyrgyzstan,2018,3,3,4,5,4,3,2
Kyrgyzstan2016,Kyrgyzstan,2016,3,3,4,5,4,3,1
Kyrgyzstan2014,Kyrgyzstan,2014,3,3,4,5,4,3,2
Kyrgyzstan2012,Kyrgyzstan,2012,4,3,4,4,4,3,1
Kyrgyzstan2010,Kyrgyzstan,2010,4,3,3,4,4,3,2
Kyrgyzstan2008,Kyrgyzstan,2008,4,3,3,4,2,3,Data not available
Kyrgyzstan2007,Kyrgyzstan,2007,4,3,3,3,2,Data not available,Data not available
Lao People's Democratic Republic2018,Lao People's Democratic Republic,2018,4,5,2,5,4,2,1
Lao People's Democratic Republic2016,Lao People's Democratic Republic,2016,4,5,2,5,4,2,1
Lao People's Democratic Republic2014,Lao People's Democratic Republic,2014,3,3,2,3,4,2,4
Lao People's Democratic Republic2012,Lao People's Democratic Republic,2012,3,3,3,3,4,2,2
Lao People's Democratic Republic2010,Lao People's Democratic Republic,2010,1,3,3,3,4,2,2
Lao People's Democratic Republic2008,Lao People's Democratic Republic,2008,3,3,3,3,4,2,Data not available
Lao People's Democratic Republic2007,Lao People's Democratic Republic,2007,3,3,3,3,4,Data not available,Data not available
Latvia2018,Latvia,2018,4,4,4,5,4,5,2
Latvia2016,Latvia,2016,4,4,4,5,4,5,4
Latvia2014,Latvia,2014,4,3,4,4,4,5,2
Latvia2012,Latvia,2012,4,3,4,4,4,5,2
Latvia2010,Latvia,2010,4,3,4,4,4,5,2
Latvia2008,Latvia,2008,4,4,3,4,4,4,Data not available
Latvia2007,Latvia,2007,4,2,3,3,4,Data not available,Data not available
Lebanon2018,Lebanon,2018,4,5,4,3,4,3,3
Lebanon2016,Lebanon,2016,4,5,4,3,4,3,2
Lebanon2014,Lebanon,2014,4,5,4,3,4,3,5
Lebanon2012,Lebanon,2012,3,5,4,3,4,3,4
Lebanon2010,Lebanon,2010,3,3,4,2,2,3,5
Lebanon2008,Lebanon,2008,3,3,4,2,2,3,Data not available
Lebanon2007,Lebanon,2007,3,3,4,2,2,Data not available,Data not available
Lesotho2018,Lesotho,2018,1,2,4,2,2,4,4
Lesotho2016,Lesotho,2016,2,2,4,2,2,1,1
Lesotho2014,Lesotho,2014,2,2,4,2,2,3,2
Lesotho2012,Lesotho,2012,3,2,4,2,2,3,2
Lesotho2010,Lesotho,2010,2,2,4,2,2,3,2
Lesotho2008,Lesotho,2008,2,2,3,2,2,3,Data not available
Lesotho2007,Lesotho,2007,2,2,3,2,2,Data not available,Data not available
Liberia2018,Liberia,2018,2,2,3,2,2,3,2
Liberia2016,Liberia,2016,2,2,3,2,2,2,1
Liberia2014,Liberia,2014,2,2,3,2,2,2,2
Liberia2012,Liberia,2012,2,2,3,2,2,2,5
Liberia2010,Liberia,2010,1,2,3,2,2,2,2
Liberia2008,Liberia,2008,1,2,3,2,2,2,Data not available
Liberia2007,Liberia,2007,1,2,3,2,2,Data not available,Data not available
Libya2018,Libya,2018,1,5,4,2,5,2,2
Libya2016,Libya,2016,1,5,4,2,5,2,2
Libya2014,Libya,2014,3,5,4,2,5,2,5
Libya2012,Libya,2012,3,5,4,2,5,2,2
Libya2010,Libya,2010,3,5,3,2,5,2,2
Libya2008,Libya,2008,2,3,3,2,4,2,Data not available
Libya2007,Libya,2007,2,3,2,2,4,Data not available,Data not available
Lithuania2018,Lithuania,2018,4,3,4,5,4,4,2
Lithuania2016,Lithuania,2016,4,3,4,5,4,5,2
Lithuania2014,Lithuania,2014,4,3,4,3,4,5,2
Lithuania2012,Lithuania,2012,4,3,4,3,4,5,2
Lithuania2010,Lithuania,2010,4,3,4,3,4,5,2
Lithuania2008,Lithuania,2008,4,3,4,3,4,4,Data not available
Lithuania2007,Lithuania,2007,4,3,4,3,4,Data not available,Data not available
Luxembourg2018,Luxembourg,2018,4,3,5,5,4,4,5
Luxembourg2016,Luxembourg,2016,4,2,5,3,4,4,4
Luxembourg2014,Luxembourg,2014,4,2,4,3,4,4,5
Luxembourg2012,Luxembourg,2012,4,2,4,3,4,4,5
Luxembourg2010,Luxembourg,2010,4,2,4,3,4,4,1
Luxembourg2008,Luxembourg,2008,4,2,2,3,4,4,Data not available
Luxembourg2007,Luxembourg,2007,4,2,2,3,4,Data not available,Data not available
Madagascar2018,Madagascar,2018,3,5,3,5,5,5,2
Madagascar2016,Madagascar,2016,2,5,3,5,5,5,2
Madagascar2014,Madagascar,2014,2,5,3,5,5,5,2
Madagascar2012,Madagascar,2012,2,2,3,5,5,5,5
Madagascar2010,Madagascar,2010,2,2,3,4,5,5,5
Madagascar2008,Madagascar,2008,2,2,3,2,5,4,Data not available
Madagascar2007,Madagascar,2007,1,2,3,2,5,Data not available,Data not available
Malawi2018,Malawi,2018,2,2,2,2,2,1,2
Malawi2016,Malawi,2016,1,2,2,2,2,1,1
Malawi2014,Malawi,2014,3,2,2,2,2,2,2
Malawi2012,Malawi,2012,3,2,2,2,2,3,2
Malawi2010,Malawi,2010,3,2,2,2,2,1,2
Malawi2008,Malawi,2008,3,2,2,2,2,3,Data not available
Malawi2007,Malawi,2007,3,2,2,2,2,Data not available,Data not available
Malaysia2018,Malaysia,2018,4,2,4,5,4,4,1
Malaysia2016,Malaysia,2016,4,2,4,5,4,4,5
Malaysia2014,Malaysia,2014,4,2,4,5,4,4,5
Malaysia2012,Malaysia,2012,4,2,4,5,4,4,5
Malaysia2010,Malaysia,2010,3,2,4,5,4,4,5
Malaysia2008,Malaysia,2008,3,2,4,5,4,4,Data not available
Malaysia2007,Malaysia,2007,3,2,4,2,4,Data not available,Data not available
Maldives2018,Maldives,2018,2,3,4,3,5,4,2
Maldives2016,Maldives,2016,2,3,4,3,5,4,2
Maldives2014,Maldives,2014,2,3,2,3,5,4,1
Maldives2012,Maldives,2012,2,3,3,3,5,3,1
Maldives2010,Maldives,2010,2,3,3,3,5,3,2
Maldives2008,Maldives,2008,2,2,3,3,4,3,Data not available
Maldives2007,Maldives,2007,2,2,3,3,4,Data not available,Data not available
Mali2018,Mali,2018,2,2,4,3,4,3,2
Mali2016,Mali,2016,2,2,4,3,4,3,2
Mali2014,Mali,2014,2,2,2,3,4,3,2
Mali2012,Mali,2012,2,2,3,3,4,3,2
Mali2010,Mali,2010,2,2,3,2,5,2,2
Mali2008,Mali,2008,3,2,3,2,2,2,Data not available
Mali2007,Mali,2007,2,2,3,2,2,Data not available,Data not available
Malta2018,Malta,2018,4,5,4,5,4,5,1
Malta2016,Malta,2016,4,5,5,5,4,5,1
Malta2014,Malta,2014,4,5,5,4,4,4,2
Malta2012,Malta,2012,4,5,4,4,4,5,3
Malta2010,Malta,2010,4,5,4,4,4,5,4
Malta2008,Malta,2008,4,3,4,3,4,5,Data not available
Malta2007,Malta,2007,4,3,4,3,4,Data not available,Data not available
Marshall Islands2018,Marshall Islands,2018,2,5,4,2,2,4,1
Marshall Islands2016,Marshall Islands,2016,2,5,4,2,2,4,2
Marshall Islands2014,Marshall Islands,2014,2,5,4,2,2,4,1
Marshall Islands2012,Marshall Islands,2012,2,5,4,2,2,3,1
Marshall Islands2010,Marshall Islands,2010,2,5,4,2,2,3,2
Marshall Islands2008,Marshall Islands,2008,2,5,4,2,2,4,Data not available
Marshall Islands2007,Marshall Islands,2007,3,5,4,2,2,Data not available,Data not available
Mauritania2018,Mauritania,2018,2,2,2,3,4,2,2
Mauritania2016,Mauritania,2016,1,2,2,2,2,2,1
Mauritania2014,Mauritania,2014,2,2,2,2,2,2,2
Mauritania2012,Mauritania,2012,2,2,2,2,2,2,2
Mauritania2010,Mauritania,2010,2,2,2,2,2,2,1
Mauritania2008,Mauritania,2008,3,2,2,2,2,2,Data not available
Mauritania2007,Mauritania,2007,3,2,2,2,2,Data not available,Data not available
Mauritius2018,Mauritius,2018,3,4,4,5,5,5,2
Mauritius2016,Mauritius,2016,3,4,4,5,5,4,5
Mauritius2014,Mauritius,2014,4,4,4,5,5,4,4
Mauritius2012,Mauritius,2012,4,4,4,5,5,4,5
Mauritius2010,Mauritius,2010,4,4,4,5,5,4,2
Mauritius2008,Mauritius,2008,4,4,4,5,5,5,Data not available
Mauritius2007,Mauritius,2007,4,2,4,2,4,Data not available,Data not available
Mexico2018,Mexico,2018,2,1,5,5,2,4,1
Mexico2016,Mexico,2016,2,1,5,5,2,4,1
Mexico2014,Mexico,2014,3,1,5,5,2,4,4
Mexico2012,Mexico,2012,3,1,4,5,2,4,2
Mexico2010,Mexico,2010,2,1,4,5,2,4,2
Mexico2008,Mexico,2008,2,1,4,4,2,4,Data not available
Mexico2007,Mexico,2007,2,2,4,2,2,Data not available,Data not available
Micronesia (Federated States of)2018,Micronesia (Federated States of),2018,2,4,4,2,4,3,2
Micronesia (Federated States of)2016,Micronesia (Federated States of),2016,3,4,4,2,4,4,2
Micronesia (Federated States of)2014,Micronesia (Federated States of),2014,3,4,4,2,4,4,2
Micronesia (Federated States of)2012,Micronesia (Federated States of),2012,3,3,3,2,2,4,2
Micronesia (Federated States of)2010,Micronesia (Federated States of),2010,2,2,3,2,2,4,2
Micronesia (Federated States of)2008,Micronesia (Federated States of),2008,2,2,3,2,2,4,Data not available
Micronesia (Federated States of)2007,Micronesia (Federated States of),2007,2,2,3,2,2,Data not available,Data not available
Monaco2018,Monaco,2018,1,1,4,2,2,1,1
Monaco2016,Monaco,2016,2,1,4,2,2,1,1
Monaco2014,Monaco,2014,2,1,4,2,2,1,2
Monaco2012,Monaco,2012,2,1,4,2,2,1,2
Monaco2010,Monaco,2010,1,1,4,2,2,1,1
Monaco2008,Monaco,2008,1,1,4,2,2,1,Data not available
Monaco2007,Monaco,2007,1,2,3,2,2,Data not available,Data not available
Mongolia2018,Mongolia,2018,4,3,4,5,5,3,1
Mongolia2016,Mongolia,2016,4,3,4,5,5,4,2
Mongolia2014,Mongolia,2014,4,5,4,5,5,4,5
Mongolia2012,Mongolia,2012,4,5,4,5,5,3,2
Mongolia2010,Mongolia,2010,4,2,4,4,4,3,5
Mongolia2008,Mongolia,2008,3,2,4,4,4,3,Data not available
Mongolia2007,Mongolia,2007,3,2,4,3,4,Data not available,Data not available
Montenegro2018,Montenegro,2018,3,3,2,4,4,5,2
Montenegro2016,Montenegro,2016,3,3,4,4,4,4,2
Montenegro2014,Montenegro,2014,3,3,4,4,4,5,2
Montenegro2012,Montenegro,2012,4,3,4,3,4,5,2
Montenegro2010,Montenegro,2010,4,3,2,3,4,4,2
Montenegro2008,Montenegro,2008,4,3,2,3,4,3,Data not available
Montenegro2007,Montenegro,2007,2,3,2,3,4,Data not available,Data not available
Morocco2018,Morocco,2018,3,3,3,2,4,4,4
Morocco2016,Morocco,2016,2,3,3,2,4,4,5
Morocco2014,Morocco,2014,2,3,3,2,4,4,2
Morocco2012,Morocco,2012,2,3,3,2,4,4,2
Morocco2010,Morocco,2010,4,3,3,2,4,4,5
Morocco2008,Morocco,2008,4,3,3,2,4,4,Data not available
Morocco2007,Morocco,2007,4,3,3,2,4,Data not available,Data not available
Mozambique2018,Mozambique,2018,2,2,4,2,4,3,2
Mozambique2016,Mozambique,2016,2,2,3,2,4,3,2
Mozambique2014,Mozambique,2014,2,2,3,2,4,3,2
Mozambique2012,Mozambique,2012,1,2,3,2,4,2,2
Mozambique2010,Mozambique,2010,2,2,3,2,4,3,2
Mozambique2008,Mozambique,2008,2,2,3,2,4,3,Data not available
Mozambique2007,Mozambique,2007,2,2,3,2,4,Data not available,Data not available
Myanmar2018,Myanmar,2018,4,3,4,4,4,3,5
Myanmar2016,Myanmar,2016,4,3,4,4,4,3,2
Myanmar2014,Myanmar,2014,4,3,4,2,4,4,2
Myanmar2012,Myanmar,2012,3,3,3,2,4,4,3
Myanmar2010,Myanmar,2010,3,3,3,2,4,3,3
Myanmar2008,Myanmar,2008,3,3,3,2,4,3,Data not available
Myanmar2007,Myanmar,2007,3,3,3,2,4,Data not available,Data not available
Namibia2018,Namibia,2018,2,5,4,5,4,3,4
Namibia2016,Namibia,2016,2,5,4,5,4,3,2
Namibia2014,Namibia,2014,2,5,4,5,4,3,2
Namibia2012,Namibia,2012,2,5,4,2,4,3,2
Namibia2010,Namibia,2010,2,5,3,2,4,3,2
Namibia2008,Namibia,2008,3,2,3,2,2,3,Data not available
Namibia2007,Namibia,2007,3,2,3,2,2,Data not available,Data not available
Nauru2018,Nauru,2018,2,5,3,3,4,3,1
Nauru2016,Nauru,2016,2,5,3,3,4,4,2
Nauru2014,Nauru,2014,2,5,3,3,4,1,2
Nauru2012,Nauru,2012,2,5,3,3,4,1,2
Nauru2010,Nauru,2010,1,5,3,3,4,3,1
Nauru2008,Nauru,2008,2,2,3,2,2,3,Data not available
Nauru2007,Nauru,2007,2,2,3,2,2,Data not available,Data not available
Nepal2018,Nepal,2018,3,5,4,5,5,3,1
Nepal2016,Nepal,2016,3,5,4,5,5,3,5
Nepal2014,Nepal,2014,3,5,3,5,5,3,5
Nepal2012,Nepal,2012,4,5,3,5,4,3,4
Nepal2010,Nepal,2010,3,3,4,2,4,3,4
Nepal2008,Nepal,2008,3,2,4,2,2,2,Data not available
Nepal2007,Nepal,2007,3,2,2,2,2,Data not available,Data not available
Netherlands2018,Netherlands,2018,4,2,5,5,4,4,4
Netherlands2016,Netherlands,2016,4,2,5,5,4,4,5
Netherlands2014,Netherlands,2014,4,2,5,3,4,4,5
Netherlands2012,Netherlands,2012,4,2,4,3,4,4,2
Netherlands2010,Netherlands,2010,4,2,4,3,4,4,5
Netherlands2008,Netherlands,2008,4,2,3,3,4,4,Data not available
Netherlands2007,Netherlands,2007,4,2,3,3,4,Data not available,Data not available
New Zealand2018,New Zealand,2018,4,5,5,5,4,5,5
New Zealand2016,New Zealand,2016,4,5,5,5,4,4,5
New Zealand2014,New Zealand,2014,4,5,5,5,4,5,4
New Zealand2012,New Zealand,2012,4,5,5,5,4,4,5
New Zealand2010,New Zealand,2010,4,5,5,5,4,5,4
New Zealand2008,New Zealand,2008,4,5,5,5,4,4,Data not available
New Zealand2007,New Zealand,2007,4,5,5,5,4,Data not available,Data not available
Nicaragua2018,Nicaragua,2018,2,4,3,4,2,3,2
Nicaragua2016,Nicaragua,2016,2,4,3,4,2,3,2
Nicaragua2014,Nicaragua,2014,2,4,3,4,2,3,1
Nicaragua2012,Nicaragua,2012,1,4,3,4,2,3,1
Nicaragua2010,Nicaragua,2010,1,4,3,4,2,3,2
Nicaragua2008,Nicaragua,2008,1,2,3,2,2,2,Data not available
Nicaragua2007,Nicaragua,2007,1,2,3,2,2,Data not available,Data not available
Niger2018,Niger,2018,1,3,3,4,5,3,2
Niger2016,Niger,2016,1,3,3,4,5,3,2
Niger2014,Niger,2014,2,3,3,4,5,3,2
Niger2012,Niger,2012,3,3,3,4,5,3,1
Niger2010,Niger,2010,3,3,3,3,5,3,5
Niger2008,Niger,2008,3,3,3,3,5,3,Data not available
Niger2007,Niger,2007,3,2,3,3,5,Data not available,Data not available
Nigeria2018,Nigeria,2018,1,2,4,4,5,3,2
Nigeria2016,Nigeria,2016,2,2,4,4,5,2,1
Nigeria2014,Nigeria,2014,2,3,4,2,2,2,1
Nigeria2012,Nigeria,2012,2,3,4,2,2,2,2
Nigeria2010,Nigeria,2010,1,3,4,2,2,2,2
Nigeria2008,Nigeria,2008,1,3,4,2,2,2,Data not available
Nigeria2007,Nigeria,2007,1,3,4,2,2,Data not available,Data not available
Niue2018,Niue,2018,1,5,4,3,5,5,2
Niue2016,Niue,2016,2,2,4,2,2,5,1
Niue2014,Niue,2014,4,2,4,2,2,5,1
Niue2012,Niue,2012,4,2,4,2,2,4,2
Niue2010,Niue,2010,3,2,4,2,2,4,4
Niue2008,Niue,2008,2,2,4,2,2,5,Data not available
Niue2007,Niue,2007,2,2,4,2,2,Data not available,Data not available
Norway2018,Norway,2018,4,5,4,4,4,4,5
Norway2016,Norway,2016,4,5,4,4,4,4,5
Norway2014,Norway,2014,4,5,4,4,4,4,5
Norway2012,Norway,2012,4,3,4,4,4,4,5
Norway2010,Norway,2010,4,3,4,4,4,4,2
Norway2008,Norway,2008,4,3,4,3,4,4,Data not available
Norway2007,Norway,2007,4,3,4,3,4,Data not available,Data not available
"occupied Palestinian territory, including east Jerusalem2018","occupied Palestinian territory, including east Jerusalem",2018,2,5,3,2,4,5,4
"occupied Palestinian territory, including east Jerusalem2016","occupied Palestinian territory, including east Jerusalem",2016,4,5,3,2,4,5,2
"occupied Palestinian territory, including east Jerusalem2014","occupied Palestinian territory, including east Jerusalem",2014,4,5,3,2,4,5,3
"occupied Palestinian territory, including east Jerusalem2012","occupied Palestinian territory, including east Jerusalem",2012,3,5,3,2,4,5,1
"occupied Palestinian territory, including east Jerusalem2010","occupied Palestinian territory, including east Jerusalem",2010,3,4,3,2,4,5,2
"occupied Palestinian territory, including east Jerusalem2008","occupied Palestinian territory, including east Jerusalem",2008,2,4,3,2,4,1,Data not available
"occupied Palestinian territory, including east Jerusalem2007","occupied Palestinian territory, including east Jerusalem",2007,2,4,3,2,4,Data not available,Data not available
Oman2018,Oman,2018,3,2,3,4,4,3,2
Oman2016,Oman,2016,2,2,4,4,4,2,2
Oman2014,Oman,2014,2,2,4,4,2,2,2
Oman2012,Oman,2012,3,2,3,4,2,2,2
Oman2010,Oman,2010,3,2,3,2,2,3,2
Oman2008,Oman,2008,3,2,3,2,2,3,Data not available
Oman2007,Oman,2007,2,2,3,2,2,Data not available,Data not available
Pakistan2018,Pakistan,2018,4,5,4,5,4,4,5
Pakistan2016,Pakistan,2016,4,5,4,4,4,4,5
Pakistan2014,Pakistan,2014,4,5,4,4,4,4,4
Pakistan2012,Pakistan,2012,3,5,3,4,2,4,2
Pakistan2010,Pakistan,2010,2,5,3,4,2,4,2
Pakistan2008,Pakistan,2008,2,3,3,3,2,4,Data not available
Pakistan2007,Pakistan,2007,2,4,3,3,2,Data not available,Data not available
Palau2018,Palau,2018,4,4,4,2,4,4,4
Palau2016,Palau,2016,4,4,4,2,4,4,1
Palau2014,Palau,2014,4,4,4,2,4,4,5
Palau2012,Palau,2012,4,4,4,2,4,4,5
Palau2010,Palau,2010,3,2,4,2,2,4,2
Palau2008,Palau,2008,2,2,4,2,2,4,Data not available
Palau2007,Palau,2007,2,2,4,2,2,Data not available,Data not available
Panama2018,Panama,2018,4,5,4,5,5,4,5
Panama2016,Panama,2016,4,5,5,5,5,4,3
Panama2014,Panama,2014,4,5,5,5,5,4,4
Panama2012,Panama,2012,4,5,5,5,5,4,2
Panama2010,Panama,2010,3,5,5,5,5,4,2
Panama2008,Panama,2008,3,5,4,5,5,3,Data not available
Panama2007,Panama,2007,3,3,4,5,2,Data not available,Data not available
Papua New Guinea2018,Papua New Guinea,2018,2,5,3,3,4,4,2
Papua New Guinea2016,Papua New Guinea,2016,2,5,2,2,4,3,2
Papua New Guinea2014,Papua New Guinea,2014,2,5,2,2,4,3,2
Papua New Guinea2012,Papua New Guinea,2012,3,5,2,2,4,3,2
Papua New Guinea2010,Papua New Guinea,2010,3,3,2,2,4,1,2
Papua New Guinea2008,Papua New Guinea,2008,3,3,2,2,4,3,Data not available
Papua New Guinea2007,Papua New Guinea,2007,3,3,2,2,4,Data not available,Data not available
Paraguay2018,Paraguay,2018,2,4,4,3,4,2,2
Paraguay2016,Paraguay,2016,3,2,4,3,4,2,2
Paraguay2014,Paraguay,2014,3,2,4,2,2,2,2
Paraguay2012,Paraguay,2012,3,2,4,2,2,2,2
Paraguay2010,Paraguay,2010,2,2,4,2,2,2,2
Paraguay2008,Paraguay,2008,3,2,4,2,2,2,Data not available
Paraguay2007,Paraguay,2007,3,2,4,2,2,Data not available,Data not available
Peru2018,Peru,2018,4,5,4,5,2,3,1
Peru2016,Peru,2016,4,5,4,5,2,3,3
Peru2014,Peru,2014,4,5,4,5,2,3,2
Peru2012,Peru,2012,4,5,3,5,2,3,2
Peru2010,Peru,2010,4,5,3,5,2,3,2
Peru2008,Peru,2008,4,3,3,2,2,3,Data not available
Peru2007,Peru,2007,4,3,3,2,2,Data not available,Data not available
Philippines2018,Philippines,2018,4,3,4,5,4,4,4
Philippines2016,Philippines,2016,4,3,4,5,4,4,5
Philippines2014,Philippines,2014,4,3,4,5,4,4,2
Philippines2012,Philippines,2012,4,3,4,2,4,3,2
Philippines2010,Philippines,2010,4,3,4,2,4,3,5
Philippines2008,Philippines,2008,4,3,4,2,4,3,Data not available
Philippines2007,Philippines,2007,4,3,4,2,2,Data not available,Data not available
Poland2018,Poland,2018,4,3,4,5,4,5,2
Poland2016,Poland,2016,4,3,4,5,4,5,4
Poland2014,Poland,2014,4,3,4,3,4,5,2
Poland2012,Poland,2012,4,3,4,3,4,5,4
Poland2010,Poland,2010,4,3,4,3,4,5,5
Poland2008,Poland,2008,4,2,4,3,4,5,Data not available
Poland2007,Poland,2007,4,2,4,3,4,Data not available,Data not available
Portugal2018,Portugal,2018,4,4,4,5,4,4,3
Portugal2016,Portugal,2016,4,4,4,5,4,4,5
Portugal2014,Portugal,2014,4,3,4,3,4,4,5
Portugal2012,Portugal,2012,4,3,4,3,4,5,2
Portugal2010,Portugal,2010,4,3,4,3,4,5,2
Portugal2008,Portugal,2008,4,3,4,3,4,5,Data not available
Portugal2007,Portugal,2007,4,3,4,3,4,Data not available,Data not available
Qatar2018,Qatar,2018,4,2,4,4,5,3,5
Qatar2016,Qatar,2016,4,2,4,4,5,2,1
Qatar2014,Qatar,2014,4,2,4,4,4,2,2
Qatar2012,Qatar,2012,3,2,4,4,4,2,2
Qatar2010,Qatar,2010,3,2,4,2,4,3,2
Qatar2008,Qatar,2008,3,2,4,2,4,3,Data not available
Qatar2007,Qatar,2007,3,2,4,2,4,Data not available,Data not available
Republic of Korea2018,Republic of Korea,2018,4,2,5,4,2,4,5
Republic of Korea2016,Republic of Korea,2016,4,2,5,4,2,4,5
Republic of Korea2014,Republic of Korea,2014,4,2,5,3,2,4,5
Republic of Korea2012,Republic of Korea,2012,3,2,5,3,2,4,5
Republic of Korea2010,Republic of Korea,2010,3,2,5,3,2,4,1
Republic of Korea2008,Republic of Korea,2008,3,2,5,3,2,4,Data not available
Republic of Korea2007,Republic of Korea,2007,3,2,5,3,2,Data not available,Data not available
Republic of Moldova2018,Republic of Moldova,2018,4,3,4,5,5,4,5
Republic of Moldova2016,Republic of Moldova,2016,4,3,4,5,5,4,5
Republic of Moldova2014,Republic of Moldova,2014,4,3,4,3,4,4,5
Republic of Moldova2012,Republic of Moldova,2012,3,3,3,3,4,3,2
Republic of Moldova2010,Republic of Moldova,2010,3,3,3,3,4,3,3
Republic of Moldova2008,Republic of Moldova,2008,2,3,3,3,4,2,Data not available
Republic of Moldova2007,Republic of Moldova,2007,2,3,3,3,4,Data not available,Data not available
North Macedonia2018,North Macedonia,2018,3,5,4,4,4,5,2
North Macedonia2016,North Macedonia,2016,2,5,4,4,4,4,2
North Macedonia2014,North Macedonia,2014,3,5,4,4,4,4,2
North Macedonia2012,North Macedonia,2012,3,5,3,4,4,4,1
North Macedonia2010,North Macedonia,2010,3,5,3,4,4,4,1
North Macedonia2008,North Macedonia,2008,2,5,3,4,4,4,Data not available
North Macedonia2007,North Macedonia,2007,2,2,3,3,4,Data not available,Data not available
Romania2018,Romania,2018,4,5,4,5,4,4,2
Romania2016,Romania,2016,4,5,4,5,4,4,4
Romania2014,Romania,2014,4,2,4,4,4,5,2
Romania2012,Romania,2012,4,2,5,4,4,4,2
Romania2010,Romania,2010,4,2,5,4,4,5,4
Romania2008,Romania,2008,4,2,5,4,4,4,Data not available
Romania2007,Romania,2007,4,2,4,3,4,Data not available,Data not available
Russian Federation2018,Russian Federation,2018,4,5,4,5,5,4,2
Russian Federation2016,Russian Federation,2016,4,5,4,5,5,4,4
Russian Federation2014,Russian Federation,2014,4,5,4,5,5,3,5
Russian Federation2012,Russian Federation,2012,4,2,3,3,2,3,5
Russian Federation2010,Russian Federation,2010,4,2,3,3,2,3,5
Russian Federation2008,Russian Federation,2008,4,2,3,3,2,3,Data not available
Russian Federation2007,Russian Federation,2007,4,2,3,2,2,Data not available,Data not available
Rwanda2018,Rwanda,2018,1,2,2,3,2,4,3
Rwanda2016,Rwanda,2016,2,2,3,3,2,4,1
Rwanda2014,Rwanda,2014,2,2,3,2,2,3,2
Rwanda2012,Rwanda,2012,3,2,2,2,2,3,4
Rwanda2010,Rwanda,2010,2,2,2,2,2,3,5
Rwanda2008,Rwanda,2008,2,2,2,2,2,3,Data not available
Rwanda2007,Rwanda,2007,1,2,2,2,2,Data not available,Data not available
Saint Kitts and Nevis2018,Saint Kitts and Nevis,2018,1,2,3,2,2,2,2
Saint Kitts and Nevis2016,Saint Kitts and Nevis,2016,1,2,3,2,2,2,2
Saint Kitts and Nevis2014,Saint Kitts and Nevis,2014,2,2,3,2,2,2,1
Saint Kitts and Nevis2012,Saint Kitts and Nevis,2012,3,2,3,2,2,2,2
Saint Kitts and Nevis2010,Saint Kitts and Nevis,2010,3,2,3,2,2,2,2
Saint Kitts and Nevis2008,Saint Kitts and Nevis,2008,2,2,3,2,2,2,Data not available
Saint Kitts and Nevis2007,Saint Kitts and Nevis,2007,2,2,3,2,2,Data not available,Data not available
Saint Lucia2018,Saint Lucia,2018,2,2,4,5,2,4,5
Saint Lucia2016,Saint Lucia,2016,2,2,4,2,2,4,2
Saint Lucia2014,Saint Lucia,2014,3,2,2,2,2,4,2
Saint Lucia2012,Saint Lucia,2012,3,2,3,2,2,3,2
Saint Lucia2010,Saint Lucia,2010,2,2,3,2,2,3,2
Saint Lucia2008,Saint Lucia,2008,2,2,3,2,2,3,Data not available
Saint Lucia2007,Saint Lucia,2007,2,2,3,2,2,Data not available,Data not available
Saint Vincent and the Grenadines2018,Saint Vincent and the Grenadines,2018,2,2,3,2,2,2,2
Saint Vincent and the Grenadines2016,Saint Vincent and the Grenadines,2016,2,2,3,2,2,2,1
Saint Vincent and the Grenadines2014,Saint Vincent and the Grenadines,2014,3,2,3,2,2,2,2
Saint Vincent and the Grenadines2012,Saint Vincent and the Grenadines,2012,2,2,3,2,2,2,1
Saint Vincent and the Grenadines2010,Saint Vincent and the Grenadines,2010,2,2,3,2,2,2,1
Saint Vincent and the Grenadines2008,Saint Vincent and the Grenadines,2008,2,2,3,2,2,2,Data not available
Saint Vincent and the Grenadines2007,Saint Vincent and the Grenadines,2007,2,2,3,2,2,Data not available,Data not available
Samoa2018,Samoa,2018,3,4,4,5,4,3,3
Samoa2016,Samoa,2016,2,4,4,5,4,4,1
Samoa2014,Samoa,2014,3,4,3,5,4,4,5
Samoa2012,Samoa,2012,2,4,3,3,4,4,5
Samoa2010,Samoa,2010,2,4,3,3,4,4,5
Samoa2008,Samoa,2008,2,4,3,3,4,4,Data not available
Samoa2007,Samoa,2007,3,2,3,2,2,Data not available,Data not available
San Marino2018,San Marino,2018,3,3,2,2,4,1,2
San Marino2016,San Marino,2016,3,3,4,2,4,4,2
San Marino2014,San Marino,2014,3,3,4,2,4,4,2
San Marino2012,San Marino,2012,2,3,3,2,4,4,2
San Marino2010,San Marino,2010,2,3,3,2,4,4,1
San Marino2008,San Marino,2008,1,3,3,2,4,1,Data not available
San Marino2007,San Marino,2007,1,2,3,2,2,Data not available,Data not available
Sao Tome and Principe2018,Sao Tome and Principe,2018,1,2,2,2,4,3,2
Sao Tome and Principe2016,Sao Tome and Principe,2016,1,2,4,2,4,3,1
Sao Tome and Principe2014,Sao Tome and Principe,2014,2,2,4,2,4,3,1
Sao Tome and Principe2012,Sao Tome and Principe,2012,3,2,2,2,2,3,5
Sao Tome and Principe2010,Sao Tome and Principe,2010,3,2,2,2,2,3,2
Sao Tome and Principe2008,Sao Tome and Principe,2008,2,2,2,2,2,3,Data not available
Sao Tome and Principe2007,Sao Tome and Principe,2007,1,2,2,2,2,Data not available,Data not available
Saudi Arabia2018,Saudi Arabia,2018,2,4,5,5,5,4,4
Saudi Arabia2016,Saudi Arabia,2016,2,4,4,4,4,2,3
Saudi Arabia2014,Saudi Arabia,2014,3,5,4,4,2,2,2
Saudi Arabia2012,Saudi Arabia,2012,2,5,4,4,2,2,3
Saudi Arabia2010,Saudi Arabia,2010,4,3,4,2,2,3,3
Saudi Arabia2008,Saudi Arabia,2008,4,3,4,2,2,3,Data not available
Saudi Arabia2007,Saudi Arabia,2007,4,3,4,2,2,Data not available,Data not available
Senegal2018,Senegal,2018,3,4,5,5,5,3,5
Senegal2016,Senegal,2016,3,4,5,5,5,3,2
Senegal2014,Senegal,2014,2,2,4,2,4,3,5
Senegal2012,Senegal,2012,2,2,3,2,2,3,2
Senegal2010,Senegal,2010,2,2,3,2,2,3,2
Senegal2008,Senegal,2008,3,2,3,2,2,3,Data not available
Senegal2007,Senegal,2007,3,2,3,2,2,Data not available,Data not available
Serbia2018,Serbia,2018,4,3,4,3,4,5,2
Serbia2016,Serbia,2016,4,3,4,3,4,5,2
Serbia2014,Serbia,2014,4,3,4,3,4,5,2
Serbia2012,Serbia,2012,4,3,4,3,4,5,4
Serbia2010,Serbia,2010,4,3,4,3,4,5,4
Serbia2008,Serbia,2008,3,3,3,3,4,4,Data not available
Serbia2007,Serbia,2007,3,3,3,3,4,Data not available,Data not available
Seychelles2018,Seychelles,2018,3,5,4,5,5,4,5
Seychelles2016,Seychelles,2016,3,5,4,5,5,4,5
Seychelles2014,Seychelles,2014,2,5,4,5,5,5,2
Seychelles2012,Seychelles,2012,2,5,3,5,5,4,5
Seychelles2010,Seychelles,2010,2,5,3,3,5,4,3
Seychelles2008,Seychelles,2008,3,2,3,2,2,5,Data not available
Seychelles2007,Seychelles,2007,3,2,3,2,2,Data not available,Data not available
Sierra Leone2018,Sierra Leone,2018,2,2,2,2,2,2,2
Sierra Leone2016,Sierra Leone,2016,1,2,2,2,2,2,4
Sierra Leone2014,Sierra Leone,2014,2,2,2,2,2,2,2
Sierra Leone2012,Sierra Leone,2012,2,2,2,2,2,2,2
Sierra Leone2010,Sierra Leone,2010,2,2,2,2,2,2,2
Sierra Leone2008,Sierra Leone,2008,1,2,2,2,2,2,Data not available
Sierra Leone2007,Sierra Leone,2007,1,2,2,2,2,Data not available,Data not available
Singapore2018,Singapore,2018,4,3,5,5,4,4,4
Singapore2016,Singapore,2016,4,3,5,5,4,4,5
Singapore2014,Singapore,2014,4,3,5,5,4,4,5
Singapore2012,Singapore,2012,4,3,5,5,4,4,5
Singapore2010,Singapore,2010,4,3,5,4,4,4,5
Singapore2008,Singapore,2008,4,3,5,4,4,4,Data not available
Singapore2007,Singapore,2007,4,3,5,4,4,Data not available,Data not available
Slovakia2018,Slovakia,2018,4,3,5,5,4,5,2
Slovakia2016,Slovakia,2016,4,3,4,5,4,5,2
Slovakia2014,Slovakia,2014,4,3,4,3,4,5,2
Slovakia2012,Slovakia,2012,4,3,4,3,4,5,2
Slovakia2010,Slovakia,2010,4,3,4,3,4,5,2
Slovakia2008,Slovakia,2008,4,3,3,3,4,5,Data not available
Slovakia2007,Slovakia,2007,4,3,3,3,4,Data not available,Data not available
Slovenia2018,Slovenia,2018,4,1,4,5,5,5,3
Slovenia2016,Slovenia,2016,4,1,4,3,4,5,2
Slovenia2014,Slovenia,2014,4,1,4,3,4,5,2
Slovenia2012,Slovenia,2012,4,1,4,3,4,5,1
Slovenia2010,Slovenia,2010,4,1,4,3,4,5,2
Slovenia2008,Slovenia,2008,4,1,4,3,4,4,Data not available
Slovenia2007,Slovenia,2007,4,1,4,3,4,Data not available,Data not available
Solomon Islands2018,Solomon Islands,2018,2,3,4,5,4,3,2
Solomon Islands2016,Solomon Islands,2016,2,3,4,5,4,3,1
Solomon Islands2014,Solomon Islands,2014,2,3,4,5,4,3,4
Solomon Islands2012,Solomon Islands,2012,2,3,3,3,4,3,2
Solomon Islands2010,Solomon Islands,2010,3,3,3,3,4,1,1
Solomon Islands2008,Solomon Islands,2008,3,2,3,2,2,1,Data not available
Solomon Islands2007,Solomon Islands,2007,2,2,3,2,2,Data not available,Data not available
Somalia2018,Somalia,2018,1,2,2,2,2,2,2
Somalia2016,Somalia,2016,1,2,2,2,2,2,2
Somalia2014,Somalia,2014,1,2,2,2,2,1,1
Somalia2012,Somalia,2012,1,2,2,2,2,2,2
Somalia2010,Somalia,2010,1,2,2,2,2,2,1
Somalia2008,Somalia,2008,1,2,2,2,2,2,Data not available
Somalia2007,Somalia,2007,1,2,2,2,2,Data not available,Data not available
South Africa2018,South Africa,2018,2,2,4,2,4,4,2
South Africa2016,South Africa,2016,4,2,4,2,4,3,2
South Africa2014,South Africa,2014,4,2,4,2,4,3,2
South Africa2012,South Africa,2012,4,2,3,2,4,3,2
South Africa2010,South Africa,2010,3,2,3,2,4,3,2
South Africa2008,South Africa,2008,3,2,3,2,4,3,Data not available
South Africa2007,South Africa,2007,3,2,3,2,4,Data not available,Data not available
South Sudan2018,South Sudan,2018,1,2,1,2,2,1,2
South Sudan2016,South Sudan,2016,1,2,1,2,2,3,2
South Sudan2014,South Sudan,2014,1,2,2,2,2,1,1
South Sudan2012,South Sudan,2012,1,2,2,2,2,1,1
South Sudan2010,South Sudan,2010,1,2,2,2,1,1,4
South Sudan2008,South Sudan,2008,1,2,2,2,1,1,Data not available
South Sudan2007,South Sudan,2007,1,2,2,2,1,Data not available,Data not available
Spain2018,Spain,2018,4,5,4,5,5,5,2
Spain2016,Spain,2016,4,5,4,4,5,5,2
Spain2014,Spain,2014,4,5,4,4,5,5,2
Spain2012,Spain,2012,4,5,4,4,5,5,2
Spain2010,Spain,2010,4,5,4,4,5,5,2
Spain2008,Spain,2008,4,4,4,3,4,5,Data not available
Spain2007,Spain,2007,4,4,4,3,4,Data not available,Data not available
Sri Lanka2018,Sri Lanka,2018,3,4,4,5,4,4,1
Sri Lanka2016,Sri Lanka,2016,3,4,4,5,4,4,2
Sri Lanka2014,Sri Lanka,2014,3,4,3,5,4,4,2
Sri Lanka2012,Sri Lanka,2012,2,4,3,5,4,4,2
Sri Lanka2010,Sri Lanka,2010,4,4,3,2,4,4,4
Sri Lanka2008,Sri Lanka,2008,4,4,3,2,4,4,Data not available
Sri Lanka2007,Sri Lanka,2007,4,4,3,2,4,Data not available,Data not available
Sudan2018,Sudan,2018,3,2,3,2,4,4,2
Sudan2016,Sudan,2016,3,2,2,2,4,4,2
Sudan2014,Sudan,2014,2,2,2,2,4,4,4
Sudan2012,Sudan,2012,2,2,2,2,4,4,2
Sudan2010,Sudan,2010,2,2,2,2,4,4,4
Sudan2008,Sudan,2008,2,2,2,2,4,4,Data not available
Sudan2007,Sudan,2007,2,2,2,2,4,Data not available,Data not available
Suriname2018,Suriname,2018,4,5,4,5,5,3,2
Suriname2016,Suriname,2016,3,5,4,5,5,4,5
Suriname2014,Suriname,2014,4,5,4,4,5,4,5
Suriname2012,Suriname,2012,3,2,3,2,2,4,3
Suriname2010,Suriname,2010,3,2,3,2,2,3,2
Suriname2008,Suriname,2008,3,2,3,2,2,4,Data not available
Suriname2007,Suriname,2007,2,2,3,2,2,Data not available,Data not available
Sweden2018,Sweden,2018,4,2,5,5,4,4,2
Sweden2016,Sweden,2016,4,2,4,5,4,4,2
Sweden2014,Sweden,2014,4,2,4,3,4,4,2
Sweden2012,Sweden,2012,4,2,4,3,4,4,2
Sweden2010,Sweden,2010,4,2,4,3,4,4,5
Sweden2008,Sweden,2008,4,2,4,3,4,4,Data not available
Sweden2007,Sweden,2007,4,2,4,3,4,Data not available,Data not available
Switzerland2018,Switzerland,2018,4,2,4,4,2,4,5
Switzerland2016,Switzerland,2016,4,2,4,4,2,4,5
Switzerland2014,Switzerland,2014,4,2,4,4,2,4,2
Switzerland2012,Switzerland,2012,4,2,4,4,2,4,5
Switzerland2010,Switzerland,2010,4,2,4,4,2,4,5
Switzerland2008,Switzerland,2008,4,2,4,4,2,4,Data not available
Switzerland2007,Switzerland,2007,4,2,4,4,2,Data not available,Data not available
Syrian Arab Republic2018,Syrian Arab Republic,2018,1,4,4,2,4,3,2
Syrian Arab Republic2016,Syrian Arab Republic,2016,1,4,4,2,4,3,2
Syrian Arab Republic2014,Syrian Arab Republic,2014,2,4,4,2,4,1,2
Syrian Arab Republic2012,Syrian Arab Republic,2012,2,4,4,2,4,3,4
Syrian Arab Republic2010,Syrian Arab Republic,2010,2,4,4,2,4,3,1
Syrian Arab Republic2008,Syrian Arab Republic,2008,4,2,4,2,4,3,Data not available
Syrian Arab Republic2007,Syrian Arab Republic,2007,4,2,4,2,4,Data not available,Data not available
Tajikistan2018,Tajikistan,2018,3,5,2,3,4,3,2
Tajikistan2016,Tajikistan,2016,3,2,3,2,4,3,2
Tajikistan2014,Tajikistan,2014,2,2,3,2,4,3,2
Tajikistan2012,Tajikistan,2012,1,2,3,2,4,3,1
Tajikistan2010,Tajikistan,2010,2,2,3,2,4,3,2
Tajikistan2008,Tajikistan,2008,2,2,3,2,4,1,Data not available
Tajikistan2007,Tajikistan,2007,2,2,3,2,4,Data not available,Data not available
Thailand2018,Thailand,2018,4,5,4,5,4,5,4
Thailand2016,Thailand,2016,4,5,4,5,4,4,5
Thailand2014,Thailand,2014,4,5,4,5,4,4,5
Thailand2012,Thailand,2012,4,5,4,5,4,4,4
Thailand2010,Thailand,2010,4,5,4,5,4,4,4
Thailand2008,Thailand,2008,4,2,4,5,4,4,Data not available
Thailand2007,Thailand,2007,3,2,4,5,4,Data not available,Data not available
Timor-Leste2018,Timor-Leste,2018,3,4,4,5,4,2,5
Timor-Leste2016,Timor-Leste,2016,3,4,2,4,4,3,4
Timor-Leste2014,Timor-Leste,2014,3,2,2,2,2,3,2
Timor-Leste2012,Timor-Leste,2012,2,2,2,2,2,3,2
Timor-Leste2010,Timor-Leste,2010,2,2,2,2,2,1,1
Timor-Leste2008,Timor-Leste,2008,2,2,2,2,2,1,Data not available
Timor-Leste2007,Timor-Leste,2007,2,2,2,2,2,Data not available,Data not available
Togo2018,Togo,2018,2,3,2,4,5,2,5
Togo2016,Togo,2016,3,3,2,4,5,2,2
Togo2014,Togo,2014,3,3,2,4,5,2,4
Togo2012,Togo,2012,3,3,3,4,5,2,2
Togo2010,Togo,2010,2,3,3,3,2,2,5
Togo2008,Togo,2008,2,2,3,2,2,2,Data not available
Togo2007,Togo,2007,2,2,3,2,2,Data not available,Data not available
Tonga2018,Tonga,2018,3,4,4,4,4,4,5
Tonga2016,Tonga,2016,2,4,4,4,4,4,5
Tonga2014,Tonga,2014,3,4,4,4,4,4,2
Tonga2012,Tonga,2012,3,2,4,4,4,4,2
Tonga2010,Tonga,2010,3,2,3,4,4,4,2
Tonga2008,Tonga,2008,2,2,3,4,4,3,Data not available
Tonga2007,Tonga,2007,2,2,2,4,4,Data not available,Data not available
Trinidad and Tobago2018,Trinidad and Tobago,2018,2,5,4,5,2,3,2
Trinidad and Tobago2016,Trinidad and Tobago,2016,2,5,4,5,2,3,2
Trinidad and Tobago2014,Trinidad and Tobago,2014,3,5,4,5,2,3,2
Trinidad and Tobago2012,Trinidad and Tobago,2012,3,5,4,2,2,3,2
Trinidad and Tobago2010,Trinidad and Tobago,2010,2,5,3,2,2,3,1
Trinidad and Tobago2008,Trinidad and Tobago,2008,2,2,3,2,2,3,Data not available
Trinidad and Tobago2007,Trinidad and Tobago,2007,2,2,3,2,2,Data not available,Data not available
Tunisia2018,Tunisia,2018,3,2,4,3,4,4,3
Tunisia2016,Tunisia,2016,2,2,4,3,4,4,4
Tunisia2014,Tunisia,2014,2,2,4,3,4,4,5
Tunisia2012,Tunisia,2012,2,2,4,2,4,5,5
Tunisia2010,Tunisia,2010,4,2,3,2,4,5,4
Tunisia2008,Tunisia,2008,4,2,3,2,4,5,Data not available
Tunisia2007,Tunisia,2007,4,2,3,2,4,Data not available,Data not available
Turkey2018,Turkey,2018,4,5,5,5,5,5,5
Turkey2016,Turkey,2016,4,5,5,5,5,5,5
Turkey2014,Turkey,2014,4,5,5,5,5,5,5
Turkey2012,Turkey,2012,4,5,5,5,5,5,5
Turkey2010,Turkey,2010,4,5,5,4,4,5,5
Turkey2008,Turkey,2008,4,5,3,3,4,4,Data not available
Turkey2007,Turkey,2007,4,2,3,3,2,Data not available,Data not available
Turkmenistan2018,Turkmenistan,2018,3,5,4,5,4,3,5
Turkmenistan2016,Turkmenistan,2016,3,5,4,5,4,3,1
Turkmenistan2014,Turkmenistan,2014,2,5,4,5,4,3,5
Turkmenistan2012,Turkmenistan,2012,1,5,4,3,2,3,1
Turkmenistan2010,Turkmenistan,2010,1,5,4,3,2,4,1
Turkmenistan2008,Turkmenistan,2008,1,5,4,2,2,3,Data not available
Turkmenistan2007,Turkmenistan,2007,1,5,4,2,2,Data not available,Data not available
Tuvalu2018,Tuvalu,2018,3,3,3,3,5,3,2
Tuvalu2016,Tuvalu,2016,3,3,4,3,5,4,2
Tuvalu2014,Tuvalu,2014,2,3,4,3,5,2,2
Tuvalu2012,Tuvalu,2012,1,3,4,3,5,2,4
Tuvalu2010,Tuvalu,2010,2,3,4,3,5,2,2
Tuvalu2008,Tuvalu,2008,2,3,4,3,5,1,Data not available
Tuvalu2007,Tuvalu,2007,3,2,4,2,2,Data not available,Data not available
Uganda2018,Uganda,2018,3,5,3,4,5,3,4
Uganda2016,Uganda,2016,4,5,4,4,5,3,2
Uganda2014,Uganda,2014,4,3,4,3,2,3,3
Uganda2012,Uganda,2012,2,3,4,3,2,3,2
Uganda2010,Uganda,2010,2,3,4,3,2,3,2
Uganda2008,Uganda,2008,2,3,4,2,2,4,Data not available
Uganda2007,Uganda,2007,2,3,4,2,2,Data not available,Data not available
Ukraine2018,Ukraine,2018,4,4,3,5,4,4,3
Ukraine2016,Ukraine,2016,4,4,3,5,4,5,2
Ukraine2014,Ukraine,2014,4,4,3,5,4,5,2
Ukraine2012,Ukraine,2012,4,4,3,5,4,4,2
Ukraine2010,Ukraine,2010,4,3,3,5,4,4,2
Ukraine2008,Ukraine,2008,4,2,3,3,4,3,Data not available
Ukraine2007,Ukraine,2007,4,2,3,3,2,Data not available,Data not available
United Arab Emirates2018,United Arab Emirates,2018,3,1,5,4,5,4,2
United Arab Emirates2016,United Arab Emirates,2016,2,1,5,4,5,2,4
United Arab Emirates2014,United Arab Emirates,2014,3,1,5,4,5,2,4
United Arab Emirates2012,United Arab Emirates,2012,3,3,5,4,4,3,1
United Arab Emirates2010,United Arab Emirates,2010,3,3,5,2,4,3,4
United Arab Emirates2008,United Arab Emirates,2008,2,2,5,2,4,3,Data not available
United Arab Emirates2007,United Arab Emirates,2007,2,2,3,2,4,Data not available,Data not available
United Kingdom2018,United Kingdom,2018,4,5,4,5,4,5,5
United Kingdom2016,United Kingdom,2016,4,5,4,5,4,5,5
United Kingdom2014,United Kingdom,2014,4,5,4,4,4,5,5
United Kingdom2012,United Kingdom,2012,4,5,4,4,4,5,5
United Kingdom2010,United Kingdom,2010,4,5,4,4,4,5,5
United Kingdom2008,United Kingdom,2008,4,5,4,4,4,5,Data not available
United Kingdom2007,United Kingdom,2007,4,5,4,4,4,Data not available,Data not available
United Republic of Tanzania2018,United Republic of Tanzania,2018,2,2,3,3,4,3,2
United Republic of Tanzania2016,United Republic of Tanzania,2016,3,2,4,3,4,3,1
United Republic of Tanzania2014,United Republic of Tanzania,2014,3,2,4,3,4,3,2
United Republic of Tanzania2012,United Republic of Tanzania,2012,2,2,4,2,4,3,1
United Republic of Tanzania2010,United Republic of Tanzania,2010,1,2,4,2,4,3,2
United Republic of Tanzania2008,United Republic of Tanzania,2008,1,2,4,2,4,3,Data not available
United Republic of Tanzania2007,United Republic of Tanzania,2007,1,2,4,2,4,Data not available,Data not available
United States of America2018,United States of America,2018,4,2,5,4,2,3,5
United States of America2016,United States of America,2016,4,2,5,4,2,3,5
United States of America2014,United States of America,2014,4,2,5,4,2,3,5
United States of America2012,United States of America,2012,3,2,5,4,2,3,5
United States of America2010,United States of America,2010,3,2,5,4,2,3,2
United States of America2008,United States of America,2008,3,2,5,2,2,3,Data not available
United States of America2007,United States of America,2007,3,2,3,2,2,Data not available,Data not available
Uruguay2018,Uruguay,2018,4,5,4,5,5,4,1
Uruguay2016,Uruguay,2016,4,5,4,5,5,4,2
Uruguay2014,Uruguay,2014,4,5,4,5,5,4,4
Uruguay2012,Uruguay,2012,4,5,5,5,4,4,5
Uruguay2010,Uruguay,2010,4,5,5,5,4,4,4
Uruguay2008,Uruguay,2008,4,5,5,5,4,4,Data not available
Uruguay2007,Uruguay,2007,4,5,5,5,2,Data not available,Data not available
Uzbekistan2018,Uzbekistan,2018,2,2,4,3,4,3,2
Uzbekistan2016,Uzbekistan,2016,2,2,4,3,4,3,2
Uzbekistan2014,Uzbekistan,2014,2,2,4,3,4,3,1
Uzbekistan2012,Uzbekistan,2012,1,2,3,3,4,3,4
Uzbekistan2010,Uzbekistan,2010,2,2,3,3,2,3,2
Uzbekistan2008,Uzbekistan,2008,2,2,3,2,2,3,Data not available
Uzbekistan2007,Uzbekistan,2007,2,2,3,2,2,Data not available,Data not available
Vanuatu2018,Vanuatu,2018,2,2,3,5,5,4,2
Vanuatu2016,Vanuatu,2016,3,2,3,5,5,4,2
Vanuatu2014,Vanuatu,2014,3,2,3,5,5,4,2
Vanuatu2012,Vanuatu,2012,3,2,3,3,5,4,2
Vanuatu2010,Vanuatu,2010,2,2,3,3,5,4,1
Vanuatu2008,Vanuatu,2008,2,2,3,3,5,4,Data not available
Vanuatu2007,Vanuatu,2007,2,2,2,2,2,Data not available,Data not available
Venezuela (Bolivarian Republic of)2018,Venezuela (Bolivarian Republic of),2018,1,5,4,5,2,4,2
Venezuela (Bolivarian Republic of)2016,Venezuela (Bolivarian Republic of),2016,2,5,4,5,2,4,2
Venezuela (Bolivarian Republic of)2014,Venezuela (Bolivarian Republic of),2014,3,5,4,5,2,4,1
Venezuela (Bolivarian Republic of)2012,Venezuela (Bolivarian Republic of),2012,3,5,4,5,2,4,2
Venezuela (Bolivarian Republic of)2010,Venezuela (Bolivarian Republic of),2010,2,2,4,5,2,4,5
Venezuela (Bolivarian Republic of)2008,Venezuela (Bolivarian Republic of),2008,1,2,4,5,2,4,Data not available
Venezuela (Bolivarian Republic of)2007,Venezuela (Bolivarian Republic of),2007,1,2,4,5,2,Data not available,Data not available
Viet Nam2018,Viet Nam,2018,4,4,4,5,4,3,5
Viet Nam2016,Viet Nam,2016,4,4,3,5,4,3,5
Viet Nam2014,Viet Nam,2014,4,4,3,5,4,3,5
Viet Nam2012,Viet Nam,2012,3,4,3,4,4,3,5
Viet Nam2010,Viet Nam,2010,3,4,3,3,4,3,5
Viet Nam2008,Viet Nam,2008,3,4,3,3,4,3,Data not available
Viet Nam2007,Viet Nam,2007,3,4,3,3,4,Data not available,Data not available
Yemen2018,Yemen,2018,2,4,3,4,5,4,3
Yemen2016,Yemen,2016,2,4,3,4,5,4,2
Yemen2014,Yemen,2014,2,4,3,4,5,4,3
Yemen2012,Yemen,2012,2,2,3,4,4,4,2
Yemen2010,Yemen,2010,2,2,3,3,4,4,3
Yemen2008,Yemen,2008,3,2,3,3,4,4,Data not available
Yemen2007,Yemen,2007,3,2,3,3,4,Data not available,Data not available
Zambia2018,Zambia,2018,2,4,4,2,2,3,2
Zambia2016,Zambia,2016,2,4,3,2,2,3,2
Zambia2014,Zambia,2014,2,4,3,2,2,3,2
Zambia2012,Zambia,2012,2,4,3,2,2,3,2
Zambia2010,Zambia,2010,1,4,3,2,2,3,5
Zambia2008,Zambia,2008,2,4,3,2,2,3,Data not available
Zambia2007,Zambia,2007,2,3,3,2,2,Data not available,Data not available
Zimbabwe2018,Zimbabwe,2018,2,3,4,2,2,3,2
Zimbabwe2016,Zimbabwe,2016,2,3,4,2,2,3,2
Zimbabwe2014,Zimbabwe,2014,2,3,2,2,2,3,2
Zimbabwe2012,Zimbabwe,2012,1,3,3,2,2,3,2
Zimbabwe2010,Zimbabwe,2010,2,3,3,2,2,4,2
Zimbabwe2008,Zimbabwe,2008,2,3,3,2,2,3,Data not available
Zimbabwe2007,Zimbabwe,2007,2,3,3,2,2,Data not available,Data not available
